Id,Label 
4,Good Vibrations 
146,The New 52 
166,The Pretenders 
204,EverQuest 
205,Ultima Online 
396,The Elder Scrolls IV: Oblivion 
397,Fallout 3 
403,Fallout 4 
425,The Dark Knight Rises 
534,Fear of a Black Planet 
548,It Takes a Nation of Millions to Hold Us Back 
597,Small Faces 
1153,Whitesnake 
1154,The Cult 
1155,Uriah Heep (band) 
1156,Rainbow (rock band) 
1160,Anathema (band) 
1161,Saxon (band) 
1165,Carcass (band) 
1200,Girlschool 
1330,Mormon fundamentalism 
1364,Eternal Flame (song) 
1400,Zork 
1408,The Lost Treasures of Infocom 
1567,50th Anniversary: The Singles Collection 1961?1969 
1568,Bow Wow (rapper) 
1686,Motion Picture Distributing and Sales Company 
1702,Music of the BioShock series 
1734,Autechre 
1830,Stonewall riots 
1843,Glen Matlock 
1879,Simon Climie 
1954,Sam Smith (singer) 
2014,Canadian comics 
2018,Nights in White Satin 
2130,Sixth generation of video game consoles 
2131,Seventh generation of video game consoles 
2133,Eighth generation of video game consoles 
2139,Civilization (video game) 
2141,Duke Nukem 3D 
2145,Arkanoid 
2732,That's the Way Love Goes (Janet Jackson song) 
2733,Scream/Childhood 
2866,Big Comic Spirits 
2880,Pok?mon Red and Blue 
2967,Betty Carter 
3126,Japanese painting 
3157,Xevious 
3168,Grand Theft Auto V 
3232,Moli?re 
3240,HIStory: Past Present and Future Book I 
3249,Bad 25 
3286,Writers Guild of America 
3342,Samurai Shodown 
3373,1969 in comics 
3521,Aswad (band) 
3602,Latvians 
3616,Erotica (song) 
3724,Laverne Harding 
3792,Dutch Golden Age painting 
4124,Minecraft 
4152,Arcade Archives 
4189,Just Dance 2018 
4254,Chris Robinson (singer) 
4256,Rich Robinson 
4264,Band on the Run 
4266,Abbey Road 
4267,Anthology 2 
4268,Red Rose Speedway 
4271,Wingspan: Hits and History 
4272,Back in the World Live 
4273,Flaming Pie 
4276,Paul Is Live 
4282,Tripping the Live Fantastic 
4294,Good Evening New York City 
4703,Rock Band 2 
4799,Hawkwind 
4801,Michael Moorcock 
4807,The Adventures of Tintin 
4809,Journey into Mystery 
4820,Trans-Siberian Orchestra 
4821,The Ventures 
4827,The Wrecking Crew (music) 
5000,Andrea Martin (musician) 
5043,Tomb Raider (1996 video game) 
5138,Daz Dillinger 
5139,MC Eiht 
5148,Kurupt 
5185,GoldenEye 
5360,Unchained Melody 
5361,A Hard Day's Night (song) 
5363,C'est si bon 
5364,You've Lost That Lovin' Feelin' 
5368,(They Long to Be) Close to You 
5369,Anyone Who Had a Heart (song) 
5371,Walk On By (song) 
5374,You're My World 
5383,Our Day Will Come 
5484,The Threepenny Opera 
5485,Iolanthe 
5587,Campaign song 
5679,Atari Anthology 
5680,Final Fantasy Type-0 
5685,Deus Ex: Human Revolution 
5704,Batman: Arkham City 
5716,Marvel vs. Capcom 03:00 Fate of Two Worlds 
5726,Just Dance 3 
5784,Dark Souls 
5852,Dance Central 2 
5857,Dance Dance Revolution II 
6133,John Simon (record producer) 
6193,Eternal (band) 
6197,Soul II Soul 
6199,Five Star 
6214,JLS 
6313,Spider-Man in other media 
6566,Diablo II 
6567,Doom 3 
6581,Dungeon Keeper 
6604,BioShock 
6643,Activision Anthology 
6682,Br?tal Legend 
6698,Batman: Arkham Asylum 
6700,Diablo III 
6733,Call of Duty: Black Ops 
7059,Type O Negative 
7063,In This Moment 
7067,Motionless in White 
7130,Kalevala 
7509,Jacob van Ruisdael 
7534,Haarlem Guild of St. Luke 
7613,The Hollies 
7616,Deus Ex (video game) 
7619,Max Payne (video game) 
7657,Grand Theft Auto IV 
8076,Turn-based tactics 
8077,Real-time tactics 
8120,Wargame (video games) 
8377,Alien (franchise) 
8384,American Idiot 
8580,3OH!3 
8583,PlayStation Network 
8584,PlayStation Vita 
8622,1989 in video gaming 
8985,Myst 
8987,Lode Runner 
9247,Peter Milligan 
9248,Paul Cornell 
9249,Dan Abnett 
9250,Andy Lanning 
9254,Simon Spurrier 
9255,Simon Furman 
9259,Paul Jenkins (writer) 
9262,Andy Diggle 
9264,Al Ewing 
9266,Rob Williams (comics) 
9268,Bryan Hitch 
9269,D'Israeli (cartoonist) 
9275,Paul Neary 
9279,Liam Sharp 
9280,Barry Kitson 
9283,John Higgins (comics) 
9413,The Shadows 
9499,Wolfenstein 3D 
9536,Marvel Graphic Novel 
9583,Holy Grail 
9600,The Waste Land 
9697,The Brave and the Bold 
9700,James Levine 
9942,Women in punk rock 
9997,Official Handbook of the Marvel Universe 
10009,Swamp Thing (comic book) 
10088,Gin Blossoms 
10109,Warren Ellis 
10110,Dave Gibbons 
10112,David Hine 
10190,Mary Poppins (musical) 
10198,Hey Joe 
10330,Why Do Fools Fall in Love (song) 
10377,Katy Perry 
10528,Manga 
10530,History of manga 
10538,Kool & the Gang 
10542,Lennon?McCartney 
10562,The Art of McCartney 
10623,Super Mario 64 
10625,Sonic Adventure 
10693,Super Mario Galaxy 
10759,Sonic Generations 
10862,Quake (video game) 
10917,Resident Evil (1996 video game) 
11131,Diablo (video game) 
11310,The Black Crowes 
11311,Indigo Girls 
11312,TLC (group) 
11315,Sugarland 
11318,Combichrist 
11349,Deerhunter 
11364,Zac Brown Band 
11367,Xscape (group) 
11549,Gran Turismo 5 
11570,Uncharted 03:00 Drake's Deception 
11595,Benny Boom 
11599,Bille Woodruff 
11605,Paul Hunter (director) 
11608,Darren Grant 
11626,Erik White 
11675,Kyle Baker 
11928,The Supremes 
11932,The Supremes timeline 
12114,Another One Bites the Dust 
12158,Slackware 
12159,Red Hat Enterprise Linux 
12160,Arch Linux 
12161,CentOS 
12162,Fedora (operating system) 
12213,Pell?as et M?lisande (opera) 
12289,Travis (band) 
12290,Keane (band) 
12329,Uncle Tom's Cabin 
12505,The Beatles bootleg recordings 
12507,"Live! at the Star-Club in Hamburg ""Germany "" 1962" 
12580,Thin Lizzy 
12582,Massive Attack 
12620,Jesus in Islam 
12622,Jesus in Christianity 
12625,Historical Jesus 
12664,Lindsay Arnold 
12687,Screamo 
12701,Franco-Belgian comics 
12703,Spirou et Fantasio 
13092,In Search of Lost Time 
13132,Valkyria Chronicles 
13133,Tap Tap 
13267,Hague School 
13422,The Catcher in the Rye 
13633,Lips (video game) 
13641,Super Meat Boy 
13654,Lips: Party Classics 
13687,Lips: I Love the 80's 
13733,Rare Replay 
13838,George S. Kaufman 
13839,Jim Shooter 
14016,Miracles of Jesus 
14200,The Pinball Arcade 
14936,Talking Heads 
14937,Tom Tom Club 
14949,Bayonetta 
14984,Umbrella (song) 
14986,Don't Stop the Music (Rihanna song) 
14993,Disturbia (song) 
15003,Rude Boy (Rihanna song) 
15010,Only Girl (In the World) 
15015,S&M (song) 
15026,We Found Love 
15051,Diamonds (Rihanna song) 
15111,Music of Finland 
15114,Culture of Finland 
15155,Eskimo Joe 
15161,Jebediah 
15495,Charles Gounod 
15782,Akira Toriyama 
15834,Mario Kart 
15835,The Legend of Zelda 
15836,Metroid 
15838,Fire Emblem 
15840,Mario Party 
15844,Pok?mon (video game series) 
15845,Super Smash Bros. 
15846,F-Zero 
15852,Kirby (series) 
15856,Mario (franchise) 
15881,Kevin Bacon 
16153,Human penis 
16172,Wanna Be Startin' Somethin' 
16173,I Can't Help Myself (Sugar Pie Honey Bunch) 
16174,The Loco-Motion 
16209,Tetris 
16287,Fangoria 
16327,Baltic states 
16563,Animal Collective 
16579,Roger McGuinn 
16585,1997 in video gaming 
16633,Atlas Shrugged 
16642,Amazing Grace 
16644,The Night They Drove Old Dixie Down 
16647,Me and Bobby McGee 
16648,Blowin' in the Wind 
16649,Let It Be (song) 
16653,No Woman No Cry 
16655,Eleanor Rigby 
16681,It's All Over Now Baby Blue 
16684,Diamonds & Rust (song) 
16702,Imagine (John Lennon song) 
16705,The House of the Rising Sun 
16857,Eddie Floyd 
17029,Bob Dylan's recording sessions 
17216,Looking 4 Myself 
17264,EyeToy 
17266,DualShock 
17267,PlayStation 2 Headset 
17275,King's X 
17315,Omar Rodriguez Lopez Group 
17361,War and Peace 
17368,Kino International (company) 
17369,Magnolia Pictures 
17381,General Film Company 
17748,SaGa (series) 
17749,Final Fantasy X-2 
17779,Final Fantasy XIV 
18393,Rocket from the Crypt 
18427,Wonderwall Music 
18429,The Lord of the Rings 
18436,Allen & Unwin 
18443,Encyclopedia of Australian Rock and Pop 
18840,Spiderbait 
18841,Grinspoon 
19006,Tiga (musician) 
19359,Kenneth Kent Mackenzie 
19426,Paradise Lost 
19427,Ghent Altarpiece 
19428,The Creation (Haydn) 
19482,True Cross 
19517,The Four Seasons (band) 
19577,Amiga 1200 
19848,Guitar Hero: Metallica 
19856,The Replacements (band) 
19858,Focus (band) 
19859,Ride (band) 
19860,Renaissance (band) 
19868,Paul Westerberg 
19872,The Go-Betweens 
19874,The Searchers (band) 
19877,Ian McCulloch (singer) 
19922,Joe Kelly (writer) 
19923,Joe Casey 
19959,Bobby Gillespie 
20355,Half-Life (series) 
20358,Counter-Strike 
20614,Rattle and Hum 
20631,Sonny & Cher 
20680,The Starting Line 
20686,The Wonder Years (band) 
20744,Amiibo 
20812,Where Is the Love? 
20815,I Gotta Feeling 
20863,Jewish Encyclopedia 
20866,GameCube 
21345,1988 in comics 
21347,The Vandals 
21447,Talmud 
21448,Tosefta 
21449,Gemara 
21457,Jerusalem Talmud 
21843,Amorphis 
21983,La traviata 
21984,La boh?me 
22009,Teenage Fanclub 
22099,De La Soul 
22100,Eric B. & Rakim 
22102,Gang Starr 
22103,Native Tongues 
22107,The Bomb Squad 
22108,Naughty by Nature 
22109,EPMD 
22132,Trackmasters 
22143,Jungle Brothers 
22332,This Ain't a Scene It's an Arms Race 
22730,My Funny Valentine 
22835,You Really Got Me 
22836,Won't Get Fooled Again 
22838,Dancing in the Street 
22996,Richard A. Lupoff 
23177,PlayStation VR 
23277,Jodi Benson 
23294,Laura Bailey (voice actress) 
23447,Saxophone 
23868,Owl City 
24098,Nivek Ogre 
24139,John Legend 
24144,Tizen 
24225,Nazareth (band) 
24255,Harmonium (poetry collection) 
24499,Asteroids (video game) 
24507,Missile Command 
24652,If (magazine) 
24653,Amazing Stories 
24655,Omni (magazine) 
24663,Fantastic (magazine) 
24666,Startling Stories 
24669,The Space Gamer 
24696,Fantastic Universe 
24704,Super Science Stories 
24982,Funk rock 
25004,Street Fighter (video game) 
25008,Ace Attorney 
25019,Street Fighter IV 
25022,Street Fighter Alpha 
25054,Booker T. Jones 
25055,Donald Duck Dunn 
25084,Mana (series) 
25206,Do They Know It's Christmas? 
25219,Lose Yourself 
25221,Hung Up 
25224,Yeah! (Usher song) 
25228,Like a Prayer (song) 
25234,Enjoy the Silence 
25239,I Want It That Way 
25245,Crazy (Gnarls Barkley song) 
25284,I Kissed a Girl 
25287,Poker Face (Lady Gaga song) 
25297,Bad Romance 
25309,Hold It Against Me 
25327,Gangnam Style 
25335,Get Lucky (Daft Punk song) 
25485,Janelle Mon?e 
25533,I Started a Joke 
25758,Yasumi Matsuno 
25761,Hitoshi Sakimoto 
25762,Kenji Ito 
25768,Yoshinori Kitase 
26047,Satan 
26083,Source (game engine) 
26086,Gamebryo 
26141,Can (band) 
26203,Progressive bluegrass 
26271,The Cabinet of Dr. Caligari 
26738,Bleeding Love 
26846,Intersex medical interventions 
26915,Slum Village 
27083,Fletcher Pratt 
27120,Twelve Minor Prophets 
27605,The Flash (comic book) 
27668,Downtown (Petula Clark song) 
27851,Guitar Hero Mobile series 
28083,Jamiroquai 
28130,Bobby Hutcherson 
28131,Roy Ayers 
28132,Kim Carnes 
28133,Billy Higgins 
28135,Billy Gould 
28140,Mike Muir 
28146,Siedah Garrett 
28147,Harvey Mason 
28155,David Axelrod (musician) 
28162,Russ Kunkel 
28170,Jim Horn 
28175,Steve Douglas (saxophonist) 
28214,Greg Kurstin 
28248,Bobbye Hall 
28262,Neal Avron 
28303,Harvey Fuqua 
28563,Frida Richard 
28728,Michael Jackson's Vision 
29007,The Chronic 
29008,Doggystyle 
29036,All Eyez on Me 
29105,Resurrection of Jesus 
29126,C. J. Cherryh bibliography 
29147,Tom DeLonge 
29365,Harry Potter (film series) 
29406,Siouxsie and the Banshees 
29407,The Slits 
29408,XTC 
29409,Bauhaus (band) 
29412,The Sisters of Mercy 
29413,Throbbing Gristle 
29414,Orchestral Manoeuvres in the Dark 
29419,Cabaret Voltaire (band) 
29423,Magazine (band) 
29598,Jumpin' Jack Flash 
29601,Sympathy for the Devil 
29684,Led Zeppelin Boxed Set 
29685,Led Zeppelin Boxed Set 2 
29688,Led Zeppelin Definitive Collection 
29689,Led Zeppelin Deluxe Edition 
29690,California Girls 
29692,Fun Fun Fun 
29693,Wouldn't It Be Nice 
29699,Help Me Rhonda 
29712,Darlin' (The Beach Boys song) 
29784,I Get Around 
29944,Marvel Legends 
29989,Chase & Status 
29997,OS/2 
30016,Sexual Healing 
30042,Luny Tunes 
30123,Masturbation 
30136,DeBarge 
30198,Anita Baker 
30211,Jazmine Sullivan 
30240,Knight Lore 
30363,Aryan race 
30364,Neo-Nazism 
30604,Rolling Stone's 500 Greatest Songs of All Time 
30607,Rolling Stone 100 Best Songs of the Decade 
30640,Tim Armstrong 
30643,Nathan Cox 
30644,Diane Martel 
30646,Marcos Siega 
30650,Chris Applebaum 
30652,Marc Klasfeld 
30653,Gil Green (director) 
30655,Trey Fanjoy 
30658,Kevin Kerslake 
30659,The Malloys 
30670,Marty Callner 
30701,Dale Resteghini 
30724,Colin Tilley 
30911,Don Patterson (animator) 
30928,Manny Gould 
31073,Jacknife Lee 
31088,PlayStation (console) 
31094,BigHit Series 
31118,Enigma (musical project) 
31189,I Just Want to Make Love to You 
31557,Mystery in Space 
31558,52 (comics) 
31699,When Doves Cry 
31780,Carmen 
31782,Lakm? 
31784,Manon 
31785,Mignon 
31786,The Tales of Hoffmann 
31964,Lourdes 
32040,Marvel 2099 
32143,Stephen King short fiction bibliography 
32224,Michiru Yamane 
32376,Jan and Dean 
32377,Carl Wilson 
32385,California Sound 
32393,Musicianship of Brian Wilson 
32394,Pet Sounds 50th Anniversary World Tour 
32498,Gregg Allman 
32500,Bobby Whitlock 
32786,New wave music in Yugoslavia 
32790,Popular music in the Socialist Federal Republic of Yugoslavia 
32820,Men at Work 
32830,Tomb Raider 
32831,Resident Evil 
32832,Warcraft 
32920,Mother Love Bone 
32922,Therapy? 
32924,Garbage (band) 
33241,Detroit techno 
33247,Music of Detroit 
33282,The Stranglers 
33283,Dr. Feelgood (band) 
33284,Steeleye Span 
33302,Robert A. Heinlein bibliography 
33330,Celtic Woman 
33801,Maybe I'm Amazed 
34381,The 50th Reunion Tour 
34382,The Beach Boys timeline 
34389,2017 Wild Honey World Tour 
34390,50 Years of Good Vibrations 
34392,Suicide (band) 
34393,Brett Gurewitz 
34395,Marc Ribot 
34526,Cantopop 
34719,Marillion 
35179,John R. Neill 
35183,Adaptations of The Wizard of Oz 
35314,Sheila E. 
35315,D'Angelo 
35316,Macy Gray 
35317,Richie Havens 
35318,Ginuwine 
35320,Peabo Bryson 
35321,Bobby Caldwell 
35323,Gerald Levert 
35324,Ann Peebles 
35329,Dennis Edwards 
35338,Jeffrey Osborne 
35345,Anthony Hamilton (musician) 
35348,Warren Pete Moore 
35350,Joi (singer) 
35351,Miki Howard 
35356,William Bell (singer) 
35461,BJ the Chicago Kid 
35474,Charlie Wilson (singer) 
35569,Dance Dance Revolution X2 
35734,1999 in video gaming 
35929,Grunge 
35978,Romance of the Three Kingdoms (video game series) 
36017,Righteous Among the Nations 
36326,The Sonics 
36497,Wii 
36498,2006 in video gaming 
36589,Butthole Surfers 
36970,Asta Nielsen 
37010,LGBT rights in the United Kingdom 
37015,LGBT rights in Europe 
37037,Some Time in New York City 
37040,On Air ? Live at the BBC Volume 2 
37140,Attack on Titan 
37353,Tank (American singer) 
37627,Omarion 
37628,Babyface (musician) 
37632,Mario Winans 
37633,Johnny Gill 
37643,Ralph Tresvant 
37649,Lloyd (singer) 
37654,Keyshia Cole 
37694,Ester Dean 
37822,Final Fantasy II 
37823,Final Fantasy V 
37908,Cardcaptor Sakura 
38080,Bob Rock 
38182,Band of Gypsys 
38300,Marie Osmond 
38301,Wynonna Judd 
38553,Bruce Jones (comics) 
38632,Born to Be Wild 
38702,Lucia di Lammermoor 
38830,Live at the Gorge 05.cze 
38920,Darmstadt 
38922,Bochum 
38923,Gelsenkirchen 
39029,W?rzburg 
39056,Lloyd Lonergan 
39057,Thanhouser Company films 
39163,Apache HTTP Server 
39182,Firefox 
39188,SQLite 
39210,DOSBox 
39694,Me First and the Gimme Gimmes 
39727,Village Statistics 1945 
39928,Survival horror 
39946,Survival game 
40023,Soulfly 
40025,Chevelle (band) 
40154,Happy Mondays 
40156,Simply Red 
40455,The Libertines 
40456,British Sea Power 
40462,Skunk Anansie 
40463,The Futureheads 
40464,Babyshambles 
40474,Kaiser Chiefs 
40761,John Lennon Anthology 
40766,Lennon (box set) 
40768,Working Class Hero: The Definitive Lennon 
40774,Gimme Some Truth (box set) 
41053,Tales to Astonish 
41055,Tales of Suspense 
41056,Strange Tales 
41202,First-person shooter 
41432,If You Had My Love 
41523,Diablo (series) 
41527,Volkswagen Beetle 
41570,French house 
41660,Resident Evil 5 
41685,Cary Bates 
41736,Evelyn Brent 
41784,Marie Eline 
42168,Accept (band) 
42174,Blues 
42175,Slide guitar 
42564,Bruce Wayne 
43234,Tarzan (comics) 
43379,Platinum Hits 
43400,Burnout Paradise 
43420,Def Jam Rapstar 
43434,Dance Central (video game) 
43449,BandFuse: Rock Legends 
43459,Just Dance 2015 
43499,Hello! Project 
43598,The Collected Stories of Philip K. Dick 
43721,Bad Brains 
43725,Coolio 
43726,Murs (rapper) 
43728,Soopafly 
43731,Busdriver 
43735,Mack 10 
43750,Kam (rapper) 
43761,Xzibit 
43762,Big Sean 
43777,Kid Ink 
43871,Charlie Adler 
44076,Nuremberg Laws 
44120,Final Solution 
44121,Judenrat 
44159,South Pacific (musical) 
44227,Shadows Fall 
44570,Ghosts 'n Goblins 
44796,Makoto Sakurada 
44820,War artist 
44824,Tool (band) 
44826,Winger (band) 
44828,Between the Buried and Me 
44940,Extreme (band) 
44963,The Kingston Trio 
44966,Exodus (American band) 
44970,The Whispers 
45237,The Beatles Box 
45249,Cornelius (musician) 
45250,Towa Tei 
45337,Final Fight 
45355,Bikini Kill 
45357,Le Tigre 
45406,The Jackson 5 
45543,Guitar Hero 
45544,Guitar Hero III: Legends of Rock 
45545,Guitar Hero World Tour 
45547,Guitar Hero: Aerosmith 
45551,Guitar Hero 5 
45554,Guitar Hero: Van Halen 
46092,Force (Star Wars) 
46306,Acid house 
46754,Just Dance (song) 
46799,Detective Comics 
46801,World's Finest Comics 
46814,Batman Black and White 
46991,Finnish mythology 
47116,2004 in video gaming 
47149,Social Distortion 
47168,Jealous Guy 
47169,Give Peace a Chance 
47170,Happy Xmas (War Is Over) 
47172,Instant Karma! 
47173,Cold Turkey 
47175,Working Class Hero 
47580,Camel (band) 
47846,Tech N9ne 
47929,2003 in comics 
47992,Go Nagai 
48569,The Carpenters 
48670,La Bamba (song) 
48727,Virtual Console 
48921,Emperors of Soul 
48926,The Very Best of Marvin Gaye 
48929,The Master (1961?1984) 
48933,Forever Diana: Musical Memoirs 
48936,Hitsville USA: The Motown Singles Collection 1959?1971 
48946,The Marvin Gaye Collection 
48962,Crazy Taxi 
48982,Resident Evil 4 
49079,Bantam Spectra 
49108,Love (band) 
49109,Mercury Rev 
49110,The Zombies 
49111,The Mamas & the Papas 
49112,The Lovin' Spoonful 
49114,Of Montreal 
49277,Layla and Other Assorted Love Songs 
49324,Our Lady of Guadalupe 
49325,Madonna (art) 
49326,Piet? 
49328,Our Lady of Sorrows 
49334,Immaculate Heart of Mary 
49350,Coronation of the Virgin 
49351,Nativity of Jesus in art 
49354,Life of the Virgin 
49358,Marian art in the Catholic Church 
49430,Subterranean Homesick Blues 
49511,SingStar 
49513,Dance Dance Revolution Extreme 
49535,Diana Ross & the Supremes Join The Temptations 
49776,Tony Hawk's American Wasteland 
49789,Crash Bandicoot 
49804,Guitar Hero Encore: Rocks the 80s 
49833,Guitar Hero Smash Hits 
49843,Guitar Hero: Warriors of Rock 
50067,The Da Vinci Code 
50173,Spring 1990 (The Other One) 
50175,30 Trips Around the Sun 
50760,Justice (band) 
50893,KMFDM 
50895,Neu! 
51143,Hanoi Rocks 
51145,Ensiferum 
51246,Mission of Burma 
51498,Adventures of Huckleberry Finn 
51570,Orbital (band) 
52349,Anthology of American Folk Music 
52350,American Life 
52410,Kurt Busiek 
52462,Don't Stop Me Now 
52688,DC Comics Presents 
52690,Marvel Comics Super Special 
52806,Follies 
52807,Rent (musical) 
52809,Hair (musical) 
52812,Hello Dolly! (musical) 
52819,Guys and Dolls 
52822,A Chorus Line 
52845,Little Shop of Horrors (musical) 
53118,Jeff Parker (comics) 
53124,Fightstar 
53144,Game Boy Advance 
53153,German reunification 
53582,Marky Ramone 
53602,Tony Moran 
53635,Scarlet Begonias 
53880,Chrono Cross 
53885,Beatmania IIDX 
54087,Ween 
54209,My Girl (The Temptations song) 
54210,Get Ready (The Temptations song) 
54211,Ain't Too Proud to Beg 
54215,Just My Imagination (Running Away with Me) 
54487,Castlevania 
54519,Archie Goodwin (comics) 
54520,Alex Toth 
54521,Bill Everett 
54522,Irv Novick 
54523,Murphy Anderson 
54526,Rich Buckler 
54527,Ross Andru 
54529,Mike Sekowsky 
54531,Jim Mooney 
54539,Tom Palmer (comics) 
54551,Super Mario Kart 
54821,Seether 
54959,Weird Tales of the Ramones 
55063,Fran?ois Boucher 
55119,2013 in video gaming 
55120,PlayStation 4 
55121,2013 in downloadable songs for the Rock Band series 
55123,Acad?mie royale de peinture et de sculpture 
55335,Early Netherlandish painting 
55500,Justify My Love 
55505,Baby Love 
55529,Like a Virgin (song) 
55532,Crazy for You (Madonna song) 
55533,Into the Groove 
55536,Genie in a Bottle 
55538,Don't Cha 
55541,Dirrty 
55551,Macarena (song) 
55552,Honky Tonk Women 
55565,My Sharona 
55629,(I Can't Get No) Satisfaction 
55717,California Gurls 
56091,Texas blues 
56124,Codex Sinaiticus 
56125,Codex Vaticanus 
56127,Codex Alexandrinus 
56129,Codex Ephraemi Rescriptus 
56184,Popcorn (instrumental) 
56186,Un-Break My Heart 
56187,Candle in the Wind 1997 
56188,...Baby One More Time (song) 
56279,Rolling in the Deep 
56301,Uptown Funk 
56394,Final Crisis 
56439,Rocksmith 
56442,Rocksmith 2014 
57394,The Legend of Zelda (video game) 
57399,1986 in video gaming 
57586,John McCrea (comics) 
57589,Gladys Knight & the Pips 
57614,Gnarls Barkley 
57723,Vertigo (DC Comics) 
57724,Elseworlds 
57739,Jive Talkin' 
57831,Chronology of Nintendo 64 games 
57844,One (Metallica song) 
57848,For Whom the Bell Tolls (Metallica song) 
57904,Sunday Bloody Sunday 
58011,Doug Wimbish 
58012,Adrian Sherwood 
58498,LGBT rights in the United States 
58593,Miss Texas USA 
58810,Madonna: An Intimate Biography 
58895,Great Books of the Western World 
59217,Average White Band 
59353,Book of Job 
59423,Austria in the Eurovision Song Contest 
59602,Les Mis?rables (musical) 
59652,Earl King 
59660,Phil Upchurch 
59668,Marv Tarplin 
59728,Gabriel 
59730,Annunciation 
59771,Personal Jesus 
60120,Marc Guggenheim 
60363,Mac Miller 
60550,Since U Been Gone 
60697,Metroidvania 
61106,Post-grunge 
61113,The Rite of Spring 
61114,The Firebird 
61153,Ooooooohhh... On the TLC Tip 
61281,R-Type 
61285,1987 in video gaming 
61363,Pong 
61568,1962?1966 
61569,1967?1970 
61571,Anthology 1 
61572,Anthology 3 
61576,The Best of George Harrison 
61583,Past Masters 
61584,Mono Masters 
61589,Rarities (Beatles compilations) 
61591,The Japan Box 
61675,Journey (band) 
61677,Player character 
61679,Experience point 
61684,Hack and slash 
61686,Player versus player 
61687,Avatar (computing) 
61696,Quest (video gaming) 
61708,Non-player character 
61815,Queen of Sheba 
61952,Miss Universe 2011 
61953,Miss Universe 2012 
61956,Miss Universe 2013 
61973,Dead or Alive (series) 
62013,Graffiti 
62151,Lovecraftian horror 
62229,Golden Age of Science Fiction 
62400,Brooks Wackerman 
62412,Frankie Goes to Hollywood 
62416,Ladytron 
62417,Dead or Alive (band) 
62460,Cahill (band) 
62694,Group of Seven (artists) 
62737,PlayStation Eye 
62739,Logitech Driving Force GT 
62740,PlayStation Move 
62859,Classics Illustrated 
63152,Mary Mary 
63512,XrossMediaBar 
63514,Remote Play 
63516,PlayStation Store 
63517,PlayStation Home 
63520,PhyreEngine 
63525,PlayStation 3 models 
63659,Chad Hugo 
63660,DeVante Swing 
63669,Pusha T 
63670,Danja (record producer) 
63697,The Bootleg Series Volumes 1?3 (Rare & Unreleased) 1961?1991 
63701,The Original Mono Recordings 
63786,Batmobile 
63800,Richard M. Powers 
63818,Cliff Nielsen 
63933,Sandro Botticelli 
64260,IDW Publishing 
64328,Miss Trinidad and Tobago Universe 
64330,Miss Universe Thailand 
64339,Miss Universe Trinidad and Tobago 
64343,Miss Universe Puerto Rico 
64408,Gary Husband 
64439,RuPaul 
64629,The Bible (miniseries) 
64758,Heartbreaker (Led Zeppelin song) 
64769,Design of a Decade: 1986?1996 
64785,James Ingram 
64909,Booker T. & the M.G.'s 
65031,Flemish Baroque painting 
65094,Adam Duritz 
65437,Jim Root 
65493,Map projection 
65839,Ray Henderson 
65840,Walter Donaldson 
65841,Harold Arlen 
65844,Ashford & Simpson 
65846,Ramblin' Jack Elliott 
65850,Larry Blackmon 
65855,Larry Campbell (musician) 
65856,Full Force 
65866,Norman Gimbel 
65893,Sam Hollander 
65960,Rijksmonument 
66027,Sodom and Gomorrah 
66222,White Zombie (band) 
66223,Jane's Addiction 
66224,Faith No More 
66225,Static-X 
66226,P.O.D. 
66228,Mr. Bungle 
66231,Hoobastank 
66238,Shinedown 
66240,Alter Bridge 
66374,Adaptations of Agatha Christie 
66388,Bananarama 
66389,Sugababes 
66419,Under the Bridge 
66420,Give It Away (Red Hot Chili Peppers song) 
67307,Breaking the Law 
67320,Victim of Changes (song) 
67422,Just Dance Now 
67528,Dark Horse Presents 
67568,Savage Sword of Conan 
67600,Atlantic Records 40th Anniversary 
67647,Jeff Bennett 
67710,Puzzle Bobble 
67959,Nebuchadnezzar II 
67977,2009 in downloadable songs for the Rock Band series 
67978,2008 in downloadable songs for the Rock Band series 
67979,2010 in downloadable songs for the Rock Band series 
67980,2011 in downloadable songs for the Rock Band series 
67981,2012 in downloadable songs for the Rock Band series 
67982,2015 in downloadable songs for the Rock Band series 
67983,2016 in downloadable songs for the Rock Band series 
67984,2017 in downloadable songs for the Rock Band series 
68006,Reach Out I'll Be There 
68053,Bobby Timmons 
68065,The Jazz Messengers 
68223,Bereshit (parsha) 
68320,Kerry King 
68323,Keb' Mo' 
68333,Ken Andrews 
68339,John Feldmann 
68370,Bob Glaub 
68379,Richie Zito 
68382,Michael Landau 
68569,When I Fall in Love 
68723,Broadway (Manhattan) 
68724,Off-Broadway 
68725,Broadway theatre 
68726,Internet Broadway Database 
68762,Hanukkah 
68897,Level Comics 
68904,Udon Entertainment 
68926,Let It Be Me (The Everly Brothers song) 
69214,Last Christmas 
69329,Stayin' Alive 
69366,To Love Somebody (song) 
69702,Space flight simulation game 
69718,The Flying Dutchman (opera) 
69785,Final Fantasy Tactics 
69844,Fallout (video game) 
70183,Phish tours 
70194,Rex Stout bibliography 
70196,Lucio Fulci 
70199,Sergio Corbucci 
70233,Sim racing 
70332,Apokolips 
70644,Lush (band) 
70646,Yo La Tengo 
70647,Dead Can Dance 
70653,Slowdive 
70662,Curve (band) 
70756,Gangan Comics 
70786,Half-Life 2 
70845,Left 4 Dead 
70893,The Walking Dead (video game) 
70900,The Last of Us 
71019,Open-source video game 
71097,Electric Light Orchestra 
71098,Reinhold Mack 
71127,Melvins 
71132,Tad (band) 
71174,Pere Ubu 
71192,Dead Sea Scrolls 
71218,Twelfth Night 
71311,Body Count 
71395,Einst?rzende Neubauten 
71505,Metal Gear Solid 
72043,Manga: The Complete Guide 
72329,Jelly Roll Morton 
72337,Barney Bigard 
72366,Lonnie Johnson (musician) 
72381,Preservation Hall Jazz Band 
72430,Trombone Shorty 
72521,Shellac (band) 
72522,Helmet (band) 
72525,Thursday (band) 
72534,Thrice 
72537,Cursive (band) 
72538,Neurosis (band) 
72540,Project 86 
72551,Saosin 
72628,Escape the Fate 
72681,Blessthefall 
72689,Four Year Strong 
72823,Game Gear 
72939,The Annual 
73107,Abbot 
73111,Catholic religious order 
73173,Dance Dance Revolution Hottest Party 
73192,Mario Kart Wii 
73193,Wii Fit 
73231,Tatsunoko vs. Capcom: Ultimate All-Stars 
73343,We Sing 
73354,Just Dance (video game) 
73361,We Sing Encore 
73365,Just Dance 2 
73390,We Sing Rock! 
73395,We Sing 80s 
73517,Lady Antebellum 
73519,The Band Perry 
73555,TIE fighter 
73856,The Freddie Mercury Tribute Concert 
73915,Live and Let Die (song) 
73917,Jet (song) 
73918,Band on the Run (song) 
74099,Yoshimasa Hosoya 
74114,PostgreSQL 
74130,NBC News 
74183,Meg Cabot 
74320,Unwritten Law 
74363,Signed Sealed Delivered I'm Yours 
74451,Roll Over Beethoven 
74500,King's Quest 
74501,Bomberman 
74619,A Song of Ice and Fire 
74620,Die Walk?re 
74635,Alive (Pearl Jam song) 
74665,Lolita 
74677,Incest in literature 
74678,Incest in film and television 
74735,Les McCann 
74807,Bill Rieflin 
74809,Sascha Konietzko 
74822,Space Invaders 
74843,Oklahoma! 
74853,Arles 
74854,Saint-R?my-de-Provence 
74857,Auvers-sur-Oise 
74904,William Hogarth 
75105,Mobile Suit Gundam SEED 
75144,Rare Earth (band) 
75261,Louie Louie 
75372,Immaculate Conception 
75373,Theotokos 
75386,Gian Lorenzo Bernini 
75704,The Grapes of Wrath 
75839,The Birthday Party (band) 
75841,Models (band) 
75842,The Church (band) 
75940,Final Fantasy III 
75945,Gauntlet (1985 video game) 
76107,Band Hero 
76144,Atelier (series) 
76427,The Righteous Brothers 
76429,Boyz II Men 
76430,The Platters 
76431,The Ink Spots 
76432,The Manhattan Transfer 
76439,The Three Degrees 
76440,Wilson Phillips 
76482,The Famous Flames 
76526,Pentatonix 
76673,Georges Feydeau 
76674,Victorien Sardou 
76905,Dave Navarro 
76907,Jack Irons 
76912,Josh Klinghoffer 
76987,Jolene (song) 
77008,West Side Story 
77020,Sappho 
77182,Pete Ham 
77417,Jean-Baptiste-Camille Corot 
77426,Paul Delaroche 
77713,The Angels (Australian band) 
77729,Unapologetic 
77769,Summertime Blues 
77770,Not Fade Away (song) 
77772,Tom Sawyer (song) 
78000,Out Run 
78001,Contra (video game) 
78053,Final Fantasy (video game) 
78207,Drag (clothing) 
78786,Nuggets: Original Artyfacts from the First Psychedelic Era 1965?1968 
78890,Browser game 
78993,We Will Rock You 
79025,Nintendo 3DS 
79027,Nintendo eShop 
79029,Nintendo Network 
79033,New Nintendo 3DS 
79147,Devil May Cry 
79304,William Beaudine 
79354,Christy Cabanne 
79466,Hal Law 
79613,Herod the Great 
79661,Spiritualized 
79672,Angels & Airwaves 
79946,Brian McKnight 
79948,Sleepy Brown 
79950,Johnt? Austin 
79953,Brenda Russell 
79985,Eric Bellinger 
80018,Mortal Kombat 3 
80173,Clannad 
80404,Aerosmith/ZZ Top Tour 
80691,?douard Manet 
80926,Ys (series) 
80939,Spore (2008 video game) 
81094,Salt-N-Pepa 
81262,Classic Disney: 60 Years of Musical Magic 
81298,God of War (franchise) 
81450,Kiss Me Once 
81462,Katamari Damacy 
82126,In the End 
82135,What I've Done 
82428,Doug Stone (voice actor) 
82951,Super Mario Bros. 3 
82953,Super Mario Bros. 2 
82960,Super Mario Bros. 
83026,Shoegazing 
83075,Lady Marmalade 
83106,Baby Please Don't Go 
83400,Robotech 
83401,Macross 
83402,Shoji Kawamori 
83415,Kurt Equiluz 
83641,Final Fantasy 
83643,Recurring elements in the Final Fantasy series 
83696,Jagged Little Pill 
83790,The Collection 1989?2003 
83925,Take a Bow (Madonna song) 
83969,Toto (band) 
84067,Dazed and Confused (song) 
84301,Graphic Classics 
84680,Miss USA 2006 
84681,Miss USA 2005 
84682,Miss USA 2003 
84683,Miss USA 2007 
84684,Miss USA 2002 
84685,Miss USA 2001 
84686,Miss USA 2000 
84687,Miss USA 1999 
84688,Miss USA 1998 
84689,Miss USA 1997 
84690,Miss USA 1996 
84691,Miss USA 1995 
84692,Miss USA 1994 
84693,Miss USA 1993 
84694,Miss USA 1992 
84695,Miss USA 1991 
84696,Miss USA 1990 
84697,Miss USA 2008 
84698,Miss USA 1980 
84699,Miss USA 1989 
84700,Miss USA 1988 
84701,Miss USA 1983 
84702,Miss USA 1967 
84704,Miss USA 1987 
84708,Miss USA 1984 
84709,Miss USA 1952 
84710,Miss USA 1985 
84711,Miss USA 2009 
84712,Miss USA 1972 
84713,Miss USA 2010 
84714,Miss USA 2011 
84715,Miss USA 1981 
84716,Miss USA 1982 
84717,Miss USA 1970 
84718,Miss USA 1977 
84719,Miss USA 1978 
84720,Miss USA 1979 
84721,Miss USA 1973 
84722,Miss USA 1974 
84723,Miss USA 1975 
84724,Miss USA 1976 
84725,Miss USA 1971 
84726,Miss USA 1969 
84727,Miss USA 1968 
84728,Miss USA 1966 
84729,Miss USA 1965 
84730,Miss USA 1957 
84731,Miss USA 1964 
84732,Miss USA 1961 
84733,Miss USA 1959 
84734,Miss USA 1963 
84735,Miss USA 1958 
84736,Miss USA 1962 
84737,Miss USA 1955 
84739,Miss USA 2012 
84740,Miss USA 2013 
84741,Miss USA 2014 
84742,Miss USA 2015 
84743,Miss USA 2016 
84744,Miss USA 2017 
84745,Miss USA 2018 
84758,1974 in comics 
84819,Gediminas 
84864,Andre Norton 
84866,Brian K. Vaughan 
84881,David Weber 
85144,Kumbia Kings 
85155,Music of Adelaide 
85170,The Masters Apprentices 
85281,Linux kernel 
85401,Shigeru Miyamoto gameography 
85476,Indiana Jones (franchise) 
85517,StarCraft 
85546,Sam Jones (musician) 
85584,Pat Travers 
85807,Benny Benassi 
85866,Greatest Hits (PlayStation) 
85872,The Best (PlayStation) 
85879,High-definition remasters for PlayStation consoles 
85937,Mick Ronson 
85956,Famitsu scores 
86199,Andy Wallace (producer) 
86208,The First Time Ever I Saw Your Face 
86313,1992 in video gaming 
86315,Sitting on Top of the World 
86318,Blond Ambition World Tour 
86322,Re-Invention World Tour 
86325,Sticky & Sweet Tour 
86326,The MDNA Tour 
86327,Rebel Heart Tour 
86527,Don McGregor 
86528,Chuck Dixon 
86530,Steve Lieber 
86550,Paul Franklin (musician) 
86565,Reggie McBride 
86648,Plastic Ono Band 
86651,Without You (Badfinger song) 
86670,Shine Like It Does: The Anthology (1979?1997) 
86673,The Years 1979?1997 
86685,Victorian architecture 
86795,Pet Sounds 
86796,Brian Wilson Presents Smile 
86798,Surfer Girl 
86802,Beach Boys' Party! 
86804,15 Big Ones 
86805,The Beach Boys Love You 
86815,The Smile Sessions 
86817,Summer Days (And Summer Nights!!) 
86821,That's Why God Made the Radio 
86822,Live ? The 50th Anniversary Tour 
86933,Ringo Starr & His All-Starr Band 
86956,Paint It Black 
87192,Light Years The Very Best of Electric Light Orchestra 
87355,Vogue (Madonna song) 
87466,Them (band) 
87582,Reina Fujie 
87591,The Bangles 
87592,The Go-Go's 
87594,The Runaways 
87597,All-female band 
87606,Shonen Knife 
87955,Who Do You Love? (Bo Diddley song) 
87994,Bridge over Troubled Water 
88770,Wipeout (series) 
88771,Tales (series) 
89044,White Lion 
89118,Baltic Germans 
89119,Estonians 
89143,Double Fantasy 
89144,Walls and Bridges 
89420,Aaron 
89421,Joshua 
89422,Moses 
89434,Ten Commandments 
89559,African-American Civil Rights Movement (1954?68) in popular culture 
89624,Yellow Magic Orchestra 
89876,S Club 7 
89877,Culture Club 
89879,Stock Aitken Waterman 
89896,Bimbo Jones 
89928,Heatwave (band) 
89975,2000 in comics 
90223,Latvia in the Eurovision Song Contest 
90264,Electronic body music 
90629,America (band) 
90630,Jefferson Starship 
90633,The Doobie Brothers 
90634,Hall & Oates 
90635,Three Dog Night 
91080,Golden Age of Comic Books 
91378,Kevin O'Neill (comics) 
91380,Alan Davis 
91417,The Downward Spiral 
91553,Space Harrier 
91561,Godspell 
91782,Shawn Crahan 
91830,Kohen 
91857,Banksy 
91909,United States presidential election 2004 
91922,Christian McBride 
91924,David Bromberg 
91934,Billy Butler (guitarist) 
91947,Bobby Eli 
91976,Hunters & Collectors 
91999,Daddy Cool (band) 
92174,Bands and musicians from Yorkshire and North East England 
92362,Secret of Mana 
92496,Kazuma Kaneko 
92678,Bill Frisell 
93129,Boogie (genre) 
93221,Puzzle & Dragons 
93367,Hokusai 
93709,Requiem 
93710,Vespers 
93714,Matins 
93718,Liturgy of the Hours 
93734,Canon (hymnography) 
93786,Fear Itself (comics) 
93787,2011 in comics 
93866,Jack McDuff 
93868,Johnny Hammond Smith 
94073,Gong (band) 
94074,Traffic (band) 
94128,The Yardbirds 
94147,Stabat Mater 
94277,Blackest Night 
94367,Michael Jackson's Thriller (music video) 
94451,Swervedriver 
94742,Grand Theft Auto 
94743,Grand Theft Auto clone 
94814,David Belasco 
94873,Noriyuki Iwadare 
95004,Phil Lesh and Friends 
95006,Relix 
95007,Jerry Garcia Band 
95067,Hong Kong action cinema 
95168,Massively multiplayer online role-playing game 
95169,Puzzle video game 
95170,Fighting game 
95171,Roguelike 
95172,Real-time strategy 
95173,Turn-based strategy 
95174,Tactical shooter 
95176,Shoot 'em up 
95177,Racing video game 
95179,Role-playing video game 
95180,Simulation video game 
95181,Action game 
95182,Music video game 
95184,Massively multiplayer online game 
95185,Visual novel 
95186,Shooter game 
95187,Dungeon crawl 
95188,4X 
95190,Rhythm game 
95191,Tactical role-playing game 
95192,Interactive movie 
95193,Combat flight simulator 
95194,Action role-playing game 
95195,Beat 'em up 
95196,Business simulation game 
95197,Life simulation game 
95201,Construction and management simulation 
95202,Tower defense 
95203,Vehicle simulation game 
95204,Strategy video game 
95205,Light gun shooter 
95206,Open world 
95207,Nonviolent video game 
95209,Third-person shooter 
95210,Collectible card game 
95211,Multiplayer online battle arena 
95239,Gulliver's Travels 
95334,Justice League International 
95339,Secret Origins 
95343,Superman (comic book) 
95344,Weird War Tales 
95382,Secret Files and Origins 
95847,United States v. Windsor 
96003,Silver Age of Comic Books 
96100,Oil painting 
96104,Shonen manga 
96278,A Musical History 
96293,Creeping Death 
96294,Whiskey in the Jar 
96295,Nothing Else Matters 
96298,Fade to Black (song) 
96306,Master of Puppets (song) 
96358,Seek & Destroy 
96386,The Streets 
96440,The Elder Scrolls 
96514,Bach-Werke-Verzeichnis 
96526,Culture of The Church of Jesus Christ of Latter-day Saints 
96536,Sammy Timberg 
96699,1980 in comics 
96831,RPG Maker 
97078,My Sweet Lord 
97083,Photograph (Ringo Starr song) 
97088,What Is Life 
97089,Give Me Love (Give Me Peace on Earth) 
97091,Back Off Boogaloo 
97093,Ding Dong Ding Dong 
97100,Don't Let Me Wait Too Long 
97101,Sue Me Sue You Blues 
97112,Isn't It a Pity 
97386,Walk This Way 
97424,King Crimson 
97467,I'll Be There (The Jackson 5 song) 
97489,Vision of Love 
97492,Hero (Mariah Carey song) 
97494,One Sweet Day 
97507,Against All Odds (Take a Look at Me Now) 
97571,Lunt-Fontanne Theatre 
97599,Earth Crisis 
97606,The Casualties 
97612,Cro-Mags 
97618,Biohazard (band) 
97624,H2O (American band) 
97752,Sounds of Blackness 
97964,The Last Waltz 
98064,Burnout 03:00 Takedown 
98150,Miss North Carolina USA 
98151,Miss Maryland USA 
98152,Miss Illinois USA 
98153,Miss Minnesota USA 
98154,Miss Kansas USA 
98155,Miss Georgia USA 
98156,Miss Tennessee USA 
98157,Miss Missouri USA 
98158,Miss California USA 
98159,Miss Louisiana USA 
98160,Miss South Carolina USA 
98161,Miss Alabama USA 
98162,Miss Arizona USA 
98163,Miss Arkansas USA 
98164,Miss Connecticut USA 
98165,Miss Delaware USA 
98166,Miss District of Columbia USA 
98167,Miss Hawaii USA 
98168,Miss Colorado USA 
98169,Miss Idaho USA 
98170,Miss Indiana USA 
98171,Miss Iowa USA 
98172,Miss Maine USA 
98173,Miss Massachusetts USA 
98174,Miss Michigan USA 
98175,Miss Mississippi USA 
98176,Miss Montana USA 
98177,Miss Nevada USA 
98178,Miss New Hampshire USA 
98179,Miss Ohio USA 
98180,Miss New Jersey USA 
98181,Miss New Mexico USA 
98182,Miss North Dakota USA 
98183,Miss Oklahoma USA 
98184,Miss Pennsylvania USA 
98185,Miss South Dakota USA 
98186,Miss Utah USA 
98187,Miss Vermont USA 
98188,Miss Virginia USA 
98189,Miss Washington USA 
98190,Miss West Virginia USA 
98191,Miss Wisconsin USA 
98192,Miss Wyoming USA 
98202,Andre Norton bibliography 
98212,Sheer Heart Attack 
98213,Made in Heaven 
98387,Flotsam and Jetsam (band) 
98389,Lamb of God (band) 
98417,GZA 
98729,Level 42 
98776,Hanson (band) 
98778,The Gap Band 
98847,Dirty Three 
98864,Steven Blum 
98968,Features of the Marvel Universe 
99045,MC Lyte 
99046,Yo-Yo (rapper) 
99047,Eve (rapper) 
99250,Low Rider 
99523,Let's Dance (David Bowie song) 
99548,Mystery Train 
99582,Marvel Knights 
99654,Leonhardt-Consort 
99693,Stand by Me (song) 
99761,Powderfinger 
99797,Russians 
99840,Hail Mary 
99871,Karaoke Revolution 
99875,Disgaea 
99963,Chris Shiflett 
100076,Creepy (magazine) 
100103,Living Blues 
100130,The Sims 
100164,1993 in video gaming 
100181,The Essential Mariah Carey 
100182,Number 1 to Infinity 
100183,Hijra (South Asia) 
100436,Mona Lisa 
100841,Listen Learn Read On 
100859,Adoration of the Magi 
100969,Just Dance 4 
100974,Just Dance 2014 
100984,Just Sing 
101024,Nintendo Switch 
101353,Al Hirschfeld Theatre 
101355,Circle in the Square Theatre 
101359,Longacre Theatre 
101361,Eugene O'Neill Theatre 
101408,I Don't Want to Miss a Thing 
101420,Train Kept A-Rollin' 
101759,A Tribe Called Quest 
101778,The Animals 
101784,Bad Company 
102153,Unkle 
102541,Citizen Steely Dan 
102552,Dokken 
102553,Quiet Riot 
102556,Great White 
102557,Audioslave 
102559,Tesla (band) 
102563,L.A. Guns 
102565,Montrose (band) 
102612,Ratt 
102613,Stryper 
102723,Goemon (series) 
102844,The Tears of a Clown 
102848,The Tracks of My Tears 
102849,I Second That Emotion 
102879,Point It Out 
103030,Wizardry 
103283,Epic Comics 
103336,Church cantata (Bach) 
103395,Erschallet ihr Lieder erklinget ihr Saiten! BWV 172 
103480,Chorale cantata (Bach) 
103545,Kryptonite 
103549,Publication history of Superman 
103552,Origin of Superman 
103813,X-Factor (comics) 
103815,The Avengers (comic book) 
103819,X-Force 
103821,Generation X (comics) 
103828,The New Avengers (comics) 
103893,Marvel Ultimate Collection Complete Epic and Epic Collection lines 
103895,Fantastic Four (comic book) 
103899,Daredevil (Marvel Comics series) 
103916,Marvel Treasury Edition 
104231,Caiaphas 
104284,Prince of Persia 
104425,Treach 
104446,Bruno Corbucci 
104555,T. Rex (band) 
104582,2001 in video gaming 
104583,Xbox (console) 
104584,Xbox 
104662,History of music in Paris 
105149,Cullen Bunn 
105237,Nudity in film 
105323,Nancy Drew Mystery Stories 
105562,KRS-One 
105609,Television (band) 
105610,New York Dolls 
105615,Bayside (band) 
105616,The Rapture (band) 
105618,Jawbreaker (band) 
105726,Super Mario 
105947,Kramer (musician) 
106022,Gauleiter 
106172,Dance Central Spotlight 
106340,1971 in comics 
106545,Good Vibrations: Thirty Years of The Beach Boys 
106557,The Platinum Collection (Sounds of Summer Edition) 
106558,Fifty Big Ones 
106560,Made in California 
106563,1967 ? Sunshine Tomorrow 
106683,Cross Road Blues 
106775,Need for Speed: Most Wanted (2012 video game) 
106844,Bijelo Dugme 
106911,The Phantom of the Opera 
106912,The Phantom of the Opera (1986 musical) 
106918,Adaptations of The Phantom of the Opera 
107006,The Mighty Mighty Bosstones 
107008,Dropkick Murphys 
107024,Lithuanian Jews 
107078,Bleeding Through 
107303,Julius Falkenstein 
107315,Jakob Tiedtke 
107326,Hans Junkermann (actor) 
107342,Paul Biensfeldt 
107343,Leopold von Ledebur 
107361,Erich Kaiser-Titz 
107470,The Coasters 
107472,Hot Tuna 
107473,The Knack 
107483,Ozomatli 
107484,Little Feat 
107493,The Mothers of Invention 
107509,Delaney & Bonnie 
107746,Lionel Hampton 
107816,Comparison of massively multiplayer online role-playing games 
107818,Chronology of tactical role-playing video games: 2005 to 2009 
107819,Chronology of tactical role-playing video games: 2000 to 2004 
107820,Chronology of tactical role-playing video games: 1995 to 1999 
107977,The Dunwich Horror 
108191,The Temptations 
108192,Sam & Dave 
108193,Martha and the Vandellas 
108194,The Stylistics 
108196,Jodeci 
108198,98 Degrees 
108199,En Vogue 
108201,The Dells 
108202,Harold Melvin & the Blue Notes 
108205,The Funk Brothers 
108206,Bell Biv DeVoe 
108208,MFSB 
108210,The Spinners (American R&B group) 
108211,Jay and the Americans 
108212,Cameo (band) 
108214,Rufus (band) 
108216,Shalamar 
108217,Rose Royce 
108218,The Memphis Horns 
108221,The Andantes 
108222,The Undisputed Truth 
108226,The Impressions 
108228,K-Ci & JoJo 
108245,Five Stairsteps 
108323,Four Tops 
108334,The Chi-Lites 
108400,Virgin birth of Jesus 
108401,Biblical Magi 
108626,Todd Terry 
108628,Masters at Work 
108812,The Canterbury Tales 
108987,Red Dead Redemption 
109033,Eroge 
109081,Jack Casady 
109101,Styx (band) 
109220,The Essential Michael Jackson 
109383,Opera (web browser) 
109555,One (U2 song) 
109785,The New York Times Manga Best Sellers of 2012 
109816,1972 in comics 
109861,Popstars 
109921,Frank Quitely 
110270,Boston in fiction 
110282,Drop It Like It's Hot 
110573,Exile on Main St. 
110580,Hound Dog (song) 
110707,Freemasonry 
111411,Vini Poncia 
111413,Toby Wright 
111443,Megumi Hayashibara 
111444,Minami Takayama 
111445,Kotono Mitsuishi 
111446,Houko Kuwashima 
111447,Aya Hisakawa 
111448,Hiromi Tsuru 
111449,Megumi Ogata 
111451,Yukana 
111453,Mayumi Tanaka 
111455,Rica Matsumoto 
111456,Shizuka Ito 
111459,Misato Fukuen 
111461,Yumi Kakazu 
111463,Mai Nakahara 
111480,Yumi Toma 
111481,Nana Mizuki 
111486,Kaori Nazuka 
111487,Ami Koshimizu 
111496,Kana Asumi 
111503,Mariko Shinoda 
111513,Yuka Iguchi 
111523,Mao Ichimichi 
111533,Mikako Komatsu 
111538,Ryoko Shiraishi 
111704,Soulwax 
111758,The Weight 
111761,I Shall Be Released 
111876,1981 in comics 
111898,Hallelujah (Leonard Cohen song) 
112087,Street Fighter X Tekken 
112240,Sandinista! 
112318,Tom Scott (musician) 
112366,Shakin' All Over 
112436,Smiley Smile 
112732,Bondage (BDSM) 
112777,Barsoom 
112823,The Big Four: Live from Sofia Bulgaria 
112984,R.E.M. concert tours 
113319,Holocaust train 
113360,Isaac Asimov short stories bibliography 
113692,Back to Mono (1958?1969) 
113719,Bring the Noise 
113873,Germs (band) 
113875,Bad Religion 
113877,Sugar Ray 
113879,The Dickies 
113892,Lagwagon 
114092,Classic Soul Ballads 
114096,Billboard Hot Soul Hits 
114316,Cat Power 
114411,Garth Hudson 
114587,Annibale Carracci 
114588,Guido Reni 
114856,Linux Journal 
114859,Phoronix 
115016,Adalbert Kraus 
115351,Search and Destroy (The Stooges song) 
115454,LGBT adoption 
115545,Leaves of Grass 
115761,Triple Crown of Thoroughbred Racing (United States) 
115762,Belmont Stakes Top three finishers 
116009,Nintendo 64 accessories 
116025,Dance-rock 
116292,Monster Hunter 
116566,Athena 
116678,Georgia on My Mind 
116728,Secret Wars (2015 comic book) 
116920,RealPlayer 
116974,God Only Knows 
117038,Standing in the Shadows of Motown 
117133,I Will Always Love You 
117136,I Wanna Dance with Somebody (Who Loves Me) 
117494,Sailor Moon 
117574,1985 in video gaming 
117617,California Dreamin' 
117620,Heroes and Villains 
117625,Be My Baby 
117631,Sloop John B 
117632,Caroline No 
117633,Don't Worry Baby 
117640,Surfer Girl (song) 
117802,Don't Let the Sun Go Down on Me 
117939,Led Zeppelin II 
117940,Led Zeppelin III 
117941,Led Zeppelin IV 
117942,Houses of the Holy 
117943,Physical Graffiti 
118025,Madchester 
118040,Bruce Fairbairn 
118044,Dave Ogilvie 
118272,Eddie Hazel 
118287,John Benitez 
118305,Steve Jordan (musician) 
118315,George Duvivier 
118338,Les Fradkin 
118387,Emile Haynie 
118492,Final Fantasy XII 
118543,Dance Dance Revolution SuperNova 
118574,Marvel: Ultimate Alliance 
118579,Guitar Hero II 
118582,Grand Theft Auto: Vice City Stories 
118829,Jailhouse Rock (song) 
118924,Classic female blues 
119175,Come Together 
119392,Ulysses (novel) 
119395,The Great Gatsby 
119405,The Scarlet Letter 
119890,Moloko 
120356,LGBT in Islam 
120367,Playboy Playmate 
120373,Boys' Life 
120392,Southern Region (Boy Scouts of America) 
120398,Central Region (Boy Scouts of America) 
120435,Human Nature (band) 
120735,Animal Farm 
120924,Nineteen Eighty-Four 
121094,Rock Band (video game) 
121095,Rock Band 
121096,The Beatles: Rock Band 
121098,Rock Band Unplugged 
121103,Rock Band 3 
121105,Rock Band Blitz 
121107,Rock Band 4 
121178,Opera North: history and repertoire seasons 1981?82 to 1989?90 
121179,Opera North: history and repertoire seasons 1990?91 to 1996?97 
121182,Mobile Fighter G Gundam 
121348,Jennifer Warnes 
121349,Minnie Riperton 
121357,Adam Levine 
121360,Marques Houston 
121363,Patrice Rushen 
121369,Willie Hutch 
121412,Ty Dolla Sign 
121419,Skrillex 
121900,Gran Turismo 4 
121953,Tekken Tag Tournament 2 
121982,Midnight Oil 
121984,Radio Birdman 
121988,Divinyls 
121990,Rose Tattoo 
121991,You Am I 
121993,Hoodoo Gurus 
121994,Icehouse (band) 
122034,Tonight Alive 
122172,House of M 
122206,Rhythm and blues 
122207,Rhythm and Blues Foundation 
122211,Adult R&B Songs 
122325,Ruth Brown 
122326,Gladys Knight 
122327,Dinah Washington 
122328,Memphis Minnie 
122329,Sarah Vaughan 
122331,Freda Payne 
122334,Mary Wilson (singer) 
122335,Scherrie Payne 
122336,Darlene Love 
122337,Mary Wells 
122340,Cindy Birdsong 
122341,Carla Thomas 
122346,Shanice 
122347,Randy Crawford 
122348,The Marvelettes 
122349,CeCe Peniston 
122352,Lisa Fischer 
122355,Claudette Rogers Robinson 
122365,Loleatta Holloway 
122367,Martha Wash 
122386,Clydie King 
122397,Merry Clayton 
122616,Neil Murray (British musician) 
122649,The Marriage of Figaro 
122650,The Magic Flute 
122651,Die Entf?hrung aus dem Serail 
122652,Cos? fan tutte 
122653,Don Giovanni 
122655,Idomeneo 
122656,La clemenza di Tito 
122701,Sistine Chapel ceiling 
123173,Little Women 
123464,Nerio Bernardi 
123791,Let's Stay Together (song) 
123868,Morning Dew 
123913,Believe (Cher song) 
123945,Bob Ezrin 
124086,Discharge (band) 
124094,Crass 
124167,Layla 
124168,While My Guitar Gently Weeps 
124171,Little Wing 
124172,Knockin' on Heaven's Door 
124189,Wah-Wah (song) 
124246,The Fall of the House of Usher 
124361,I Only Have Eyes for You 
124385,Chester Bennington 
124482,Girls Just Want to Have Fun 
124483,You Oughta Know 
124489,I Will Survive 
124490,These Boots Are Made for Walkin' 
124493,Beautiful (Christina Aguilera song) 
124496,Hollaback Girl 
124517,Respect (song) 
124521,Express Yourself (Madonna song) 
124524,No Scrubs 
124527,Creep (TLC song) 
124558,Irreplaceable 
124604,Womanizer (song) 
124605,Single Ladies (Put a Ring on It) 
124636,Born This Way (song) 
124962,Sakura Wars 
124964,Phantasy Star 
124965,Shinobi (series) 
124966,Virtua Fighter 
124967,Streets of Rage 
124972,Puyo Puyo 
124975,Shenmue 
125065,Myles Kennedy 
125210,La Grange (song) 
125215,Tush (ZZ Top song) 
125344,JoJo's Bizarre Adventure 
125345,Dragon Quest 
125352,Fate/stay night 
125640,Jody Watley 
125651,Petra Noskaiov? 
125666,Shepard Fairey 
125685,Falstaff (opera) 
125716,Sunny Day Real Estate 
125722,The Kills 
125834,Lin Carter 
125890,Yahoo! Games 
125906,Gamezebo 
126171,The Seekers 
126172,Something for Kate 
126181,Magic Dirt 
126191,Australian Crawl 
126342,Their Greatest Hits: The Record 
126346,The Ultimate Bee Gees 
126347,Tales from the Brothers Gibb 
126441,Romeo and Juliet 
126496,Show Boat 
126570,Adaptations of Sherlock Holmes 
126777,Just Dance (video game series) 
126854,Dave Edmunds 
126878,Robert Ludlum bibliography 
127114,AFI's 100 Years...100 Songs 
127189,Don't Stop Believin' 
127274,The Complete Stories (Asimov) 
127293,1987 in comics 
127302,Eddie Holland 
127303,Lamont Dozier 
127305,Holland?Dozier?Holland 
127309,The Corporation (record production team) 
127310,William Mickey Stevenson 
127311,Deke Richards 
127320,Clarence Paul 
127325,Henry Cosby 
127346,Motown: The Musical 
127549,Breakout clone 
127587,Adventure Gamers 
127588,GameZone 
127590,AtariAge 
127591,GameDaily 
127596,Just Adventure 
127599,Adventure Classic Gaming 
127604,4Gamer.net 
127623,The Woody Woodpecker and Friends Classic Cartoon Collection 
127624,The Woody Woodpecker and Friends Classic Cartoon Collection: Volume 2 
127728,Silent Night 
127754,Asia (band) 
127857,Daryl Roth 
127946,The Wall 
127948,The Wall ? Live in Berlin 
127950,The Wall Live (2010?13) 
128050,Songs of Innocence and of Experience 
128398,Batman in film 
128589,Maemo 
128596,Android (operating system) 
128604,CyanogenMod 
128772,A Midsummer Night's Dream (ballet) 
128808,Cultural depictions of Napoleon 
128812,Friend of the Devil 
128906,History of Eastern role-playing video games 
129183,1964 New York World's Fair 
129455,2012 in video gaming 
129456,Electronic Entertainment Expo 2012 
129722,A Midsummer Night's Dream 
129725,Cinderella (band) 
129861,Book of Mormon 
129866,Outline of the Book of Mormon 
130122,Karaoke Revolution (2009 video game) 
130292,Tara Strong 
130365,H. M. Walker 
130366,Robert F. McGowan 
130367,Gordon Douglas (director) 
130369,Art Lloyd 
130378,The Count of Monte Cristo 
130379,The Three Musketeers 
130497,Alan McGee 
130571,Street Fighting Man 
130604,Obergruppenf?hrer 
130607,Reichsf?hrer-SS 
130686,Pink Friday Tour 
130688,The Pinkprint Tour 
130721,2017 in video gaming 
130890,The Ronettes 
130894,SWV 
131259,2001.2011 
131262,Looney Tunes Golden Collection 
131264,The Golden Age of Looney Tunes 
131339,Flashpoint (comics) 
131405,Superstition (song) 
131406,Ain't No Mountain High Enough 
131430,For Once in My Life 
131469,Donny Osmond 
131470,The Osmonds 
131586,Jim James 
131599,Need for Speed: Hot Pursuit (2010 video game) 
131834,Visitation (Christianity) 
131927,Post-disco 
132081,Bach cantata 
132082,Bach's first cantata cycle 
132084,Chorale cantata cycle 
132087,Church cantatas of Bach's third to fifth year in Leipzig 
132088,Late church cantatas by Johann Sebastian Bach 
132188,Piece of Mind 
132210,Ico 
132575,Neil Kernon 
132625,Xiu Xiu 
132683,CinemaScope 
132695,1937 Fox vault fire 
132817,Sing Party 
132949,Borderline (Madonna song) 
132990,Don't Think Twice It's All Right 
132995,Gloria (Them song) 
133414,Sherlock Holmes pastiches 
133513,Ninja Gaiden 
133514,In vitro fertilisation 
133583,1998 in comics 
133589,One Hot Minute 
134210,I'm a Man (Bo Diddley song) 
134309,Avengers vs. X-Men 
134669,Reynold Brown 
134763,Manfred Mann's Earth Band 
134853,Google Nexus 
134855,Android version history 
134865,Google Play 
134866,Android Jelly Bean 
134870,Android KitKat 
134878,Android Lollipop 
134881,Android Marshmallow 
134892,Android Nougat 
135104,Eg White 
135226,Bohemian Rhapsody 
135227,We Are the Champions 
135228,Crazy Little Thing Called Love 
135230,Tie Your Mother Down 
135250,The Show Must Go On (Queen song) 
135258,Somebody to Love (Queen song) 
135324,Radio Ga Ga 
135334,Salome 
135335,Herodias 
135336,Herod Antipas 
135364,Ian Broudie 
135390,2012 in comics 
135391,Marvel NOW! 
135424,Intersex human rights 
135952,Atomic Dog 
136065,You Can't Hurry Love 
136204,Tom Salta 
136308,Howard Chaykin 
136323,Society of Illustrators 
136398,Gay literature 
136493,Eucharist 
136494,Trinity 
136528,Quadrophenia 
136573,The Beatles Illustrated Lyrics 
136599,1965 in comics 
136600,1968 in comics 
136833,Chisa Yokoyama 
136834,Ai Orikasa 
136835,Mayumi Iizuka 
136836,Fumiko Orikasa 
136837,Kenji Nojima 
136846,Masakazu Morita 
136858,Ayahi Takagaki 
136859,Nobuhiko Okamoto 
136863,Eri Kitamura 
136876,Kana Hanazawa 
136893,Inori Minase 
136912,Calexico (band) 
136965,Carmelites 
136984,Touhou Project 
137008,Blur 21 
137011,Dennis DeYoung 
137044,Western fiction 
137166,Mariology of the popes 
137167,Veneration of Mary in the Catholic Church 
137199,2.5D 
137765,San Francisco Sound 
137883,The Alan Parsons Project 
138080,R. A. Salvatore bibliography 
138111,Country blues 
138150,Light My Fire 
138208,Forty Licks 
138219,Singles Collection: The London Years 
138224,Rolled Gold: The Very Best of the Rolling Stones 
138229,Singles 1971?2006 
138230,GRRR! 
138279,Roy Eldridge 
138379,Every Breath You Take 
138434,All Along the Watchtower 
138437,El Paso (song) 
138438,Dark Star (song) 
138439,Sugar Magnolia 
138442,Me and My Uncle 
138443,One More Saturday Night (song) 
138447,Playing in the Band 
138450,Truckin' 
138451,Uncle John's Band 
138452,Around and Around 
138456,Sugaree 
138458,Turn On Your Love Light 
138459,China Cat Sunflower 
138461,I Know You Rider 
138462,Casey Jones (song) 
138463,Jack Straw (song) 
138467,Big River (Johnny Cash song) 
138630,Can't Help Falling in Love 
138640,Marsha Ambrosius 
138788,Josquin des Prez 
139207,Riblja Corba 
139465,Stop! In the Name of Love 
139502,Twista 
139505,No I.D. 
139673,Hip house 
139674,Chicago house 
139678,Nu jazz 
139679,Deep house 
139682,Progressive house 
139685,Diva house 
139686,Styles of house music 
139690,Nu-disco 
139697,Electro house 
139717,Rigoletto 
139885,Emacs 
140089,All Things Must Pass 
140092,Thirty Three & 01.mar 
140094,Living in the Material World 
140099,Shankar Family & Friends 
140103,Is This What You Want? 
140105,The Apple Years 1968?75 
140334,Robert E. Howard bibliography 
140343,Shrines to the Virgin Mary 
140468,British hip hop 
140474,Trip hop 
140536,The Axis of Awesome 
140562,Jazz-funk 
140643,Starship Enterprise 
140739,Rilo Kiley 
140745,Phantom Planet 
140763,We Are Scientists 
141013,Wannsee Conference 
141300,One Year Later 
141421,Samsung Galaxy 
141435,Galaxy Nexus 
141436,Samsung Galaxy S III 
141548,2007 in comics 
141745,Billy Mann 
142116,Finland in the Eurovision Song Contest 
142190,Rapping 
142191,Reggaeton 
142727,Mystery Dungeon 
142966,I Feel Love 
143251,Women's cinema 
143260,D-pad 
143352,Humberto Ramos 
143979,Walk the Moon 
144070,Marcus Miller 
144159,Hush (Billy Joe Royal song) 
144209,ScummVM 
144619,Squeeze (band) 
144668,Sweet Home Alabama 
144669,Free Bird 
144819,Ray of Light 
144951,Glenn Tipton 
144953,Simon Phillips (drummer) 
145548,Wah Wah Watson 
145549,Michael Hampton 
145558,Leo Nocentelli 
145953,Eastern Time Zone 
145998,Menudo (band) 
146021,James P. Johnson 
146150,James Bond in film 
146287,Trap music 
146292,Chronology of Jesus 
146314,Nickel Creek 
146315,Brooks & Dunn 
146324,Lonestar 
146329,Rascal Flatts 
146335,Restless Heart 
146593,Songs in the Key of Life 
146957,Carl Craig 
146971,Dallas Austin 
146978,Steve Silk Hurley 
147037,Bassnectar 
147042,Dave Aud? 
147197,Queen live performances 
147198,Concerts for the People of Kampuchea 
147303,Hybrid Theory 
147304,A Thousand Suns 
147307,Studio Collection 2000?2012 
147320,JLA (comic book) 
147475,Formula One video games 
147496,Sex organ 
147560,Hippie 
147746,Celtic Frost 
147818,Nero (band) 
147999,Boogie-woogie 
148001,Chicago blues 
148002,Delta blues 
148004,Jump blues 
148010,Electric blues 
148011,British blues 
148012,Blues rock 
148024,Music of Chicago 
148036,Tommy Shaw 
148090,2018 in video gaming 
148244,33? 
148318,History of Lithuania 
148453,Parliament-Funkadelic 
148457,Zapp (band) 
148759,Forever Evil 
148812,Blue Weaver 
149273,Batman: Knightfall 
149486,Talk Talk 
149592,Salsa music 
149593,Latin jazz 
149832,Somebody to Love (Jefferson Airplane song) 
149836,Blitzkrieg Bop 
149837,I Wanna Be Sedated 
149925,Shibuya-kei 
149931,Sex reassignment surgery 
150405,First Epistle to the Corinthians 
150429,Super Robot Wars 
150438,Super Robot Wars Alpha 
150456,Sonic the Hedgehog (1991 video game) 
150473,Mary Elizabeth McGlynn 
150785,Cameron Stewart 
150868,The E.N.D. 
151221,B?la Fleck 
151315,Dennis Lambert 
151590,Cultural depictions of Philadelphia 
152117,David T. Walker 
152393,Marilyn Monroe in popular culture 
152528,Yanick Paquette 
152570,Nintendo Selects 
152571,Essentials (PlayStation) 
152573,Favoritos 
152644,Mega Man (original series) 
152646,Mega Man X 
152720,Grant Green 
152744,Absolute Garbage 
152851,Giselle 
152852,Copp?lia 
152910,Atari Vault 
152911,Dust Brothers 
152927,The Triffids 
153049,Michael Swanwick 
153052,P. Schuyler Miller 
153058,Queercore 
153298,Second Stage Theatre 
153497,George K. Hollister 
153603,Harry Neumann 
153632,Carl Louis Gregory 
153780,Use Your Illusion Tour 
153781,Chinese Democracy Tour 
153782,Guns N' Roses/Metallica Stadium Tour 
153786,Not in This Lifetime... Tour 
153880,Sadism and masochism in fiction 
154177,John Lennon/Plastic Ono Band 
154222,It's All Over Now 
154299,Jimmy Jam and Terry Lewis 
154303,Tim & Bob 
154656,Emo 
154695,The Legend of Zelda: Ocarina of Time 
154717,Namco ? Capcom 
154720,Okami 
154793,Project X Zone 
154794,Dance Central 3 
154803,Project X Zone 2 
154870,All I Want for Christmas Is You 
154958,Aventura (band) 
154974,The Jam 
155082,10cc 
155083,Godley & Creme 
155171,Conversion therapy 
155275,Jagger/Richards 
155305,Mega Man 2 
155311,Mega Man (video game) 
155580,History of painting 
155581,Art rock 
155582,Pop art 
155593,Art pop 
155600,Anita O'Day 
155601,Brenda Lee 
155602,Judy Collins 
155664,Adventure Comics 
155724,Adolf Hitler in popular culture 
156023,Deee-Lite 
156117,New X-Men 
156121,Astonishing X-Men 
156123,Strange Adventures 
156226,Saints Row 2 
156227,Mass Effect 2 
156228,Saints Row: The Third 
156235,Saints Row IV 
156262,Steps (group) 
156315,G-funk 
156385,Who's Lovin' You 
156445,Jimmy Smith (musician) 
156450,Linda Creed 
156453,Gamble and Huff 
156478,Bilal (American singer) 
156495,Bunny Sigler 
156502,Mike City 
156522,Jim Beanz 
156747,Ryoka Yuzuki 
156798,Blender (software) 
156799,Autodesk Maya 
156818,Supergrass 
156819,Suede (band) 
156820,The Charlatans (English band) 
156824,Ocean Colour Scene 
156840,Elastica 
156949,Grim Fandango 
157013,Original video animation 
157032,The Idolmaster 
157132,Mobile Suit Gundam SEED Destiny 
157171,EarthBound 
157569,Eurosong (Belgium) 
157576,Zelda II: The Adventure of Link 
157714,Freddie Hubbard 
157856,Bootsy Collins 
157863,Hal Davis 
158432,The Basement Tapes 
158701,Tamia 
158773,Four Flicks 
158790,Giulio Romano 
158791,Artemisia Gentileschi 
158952,Clash on Broadway 
158963,We Came as Romans 
158977,Marian apparition 
158978,Queen of Heaven 
158982,Marian devotions 
159237,Star Wars: The Old Republic 
159247,J. J. Cale 
159248,Carl Radle 
159262,Elite (video game) 
159302,Mormons 
159304,Mormonism 
159312,Endowment (Mormonism) 
159365,Index of articles related to The Church of Jesus Christ of Latter-day Saints 
159639,The Meters 
159640,Weather Report 
159652,Medeski Martin & Wood 
159659,Take 6 
159679,Galactic 
159967,Postmodern Jukebox 
160003,Leigh Brackett 
160004,Carolyn Keene 
160203,L. Frank Baum bibliography 
160220,Max Martin 
160223,Jonas ?kerlund 
160266,Avicii 
160386,Nevermind 
160388,With the Lights Out 
160426,At the Close of a Century 
160427,The Complete Stevie Wonder 
160429,Martin Birch 
160445,Waterfalls (TLC song) 
160557,GoldenEye 7 (1997 video game) 
160558,Stealth game 
160572,Thief: The Dark Project 
160623,Tomb Raider (2013 video game) 
160633,Batman: Arkham Origins 
160642,Batman: Arkham Knight 
161295,Sonic & Sega All-Stars Racing 
161298,Sonic & All-Stars Racing Transformed 
161303,DNA 
161440,Tekken 
161442,Street Fighter II: The World Warrior 
161444,Dynasty Warriors 
161449,Fatal Fury (series) 
161464,Mortal Kombat II 
161472,Capcom vs. SNK 2 
161517,Mortal Kombat 
161612,Street Fighter 
161642,Mortal Kombat (1992 video game) 
161660,Ultimate Marvel vs. Capcom 3 
161730,Showcase (comics) 
161731,Web of Spider-Man 
161758,How Deep Is Your Love (Bee Gees song) 
161849,Franz Kafka bibliography 
161960,History of massively multiplayer online games 
162045,Minus the Bear 
162082,Cats (musical) 
162088,Persistent world 
162107,Gimme Shelter 
162238,The Raveonettes 
162427,Reginald Arvizu 
162548,Faust (band) 
162594,Gym Class Heroes 
162600,P.M. Dawn 
163013,1977 in comics 
163092,Poison (American band) 
163302,Hugh Syme 
163328,The Dark Side of the Moon 
163332,The Division Bell 
163333,Echoes: The Best of Pink Floyd 
163348,Fourth generation of video game consoles 
163349,Third generation of video game consoles 
163351,1980s in video gaming 
163464,The Holocaust in Poland 
163488,Trick Daddy 
163494,Midnight Marauders 
163679,The Roots 
163946,Freaks and Geeks (soundtrack) 
163948,H. P. Lovecraft bibliography 
164078,White supremacy 
164168,Transformers: Generation 1 
164177,Whatever You Want ? The Very Best of Status Quo 
164223,Go-go 
164225,The Beat: Go-Go's Fusion of Funk and Hip-Hop 
164226,Wolverine in other media 
164461,Ashley's Roachclip 
164535,London in fiction 
164622,Marvel Masterworks 
164623,Essential Marvel 
164624,Marvel Omnibus 
164626,The Official Marvel Graphic Novel Collection 
164658,Don Carlos 
164664,Les Huguenots 
164676,Robert le diable 
164768,Ray of Light (song) 
164778,Celebration: The Video Collection 
164984,The Beatles Anthology (documentary) 
165281,The Beatles' recording sessions 
165283,Collaborations between ex-Beatles 
165321,Mangaka 
165332,Keiji Gotoh 
165655,Ezra 
165731,Rolling Stones Mobile Studio 
165913,Double Dragon 
165952,1992 in comics 
165985,Allosaurus 
165986,Pteranodon 
165987,Triceratops 
165988,Stegosaurus 
166257,Nintendo Wi-Fi Connection 
166258,WiiConnect24 
166259,Wii Menu 
166261,Wii Shop Channel 
166262,WiiWare 
167226,Hey Ya! 
167381,Kinect 
167401,Organized Noize 
167409,The Runners 
167425,Mega Man 
167722,White Christmas (song) 
167802,Lebensraum 
168300,Gail Simone 
168421,Over the Rainbow 
168557,Funk metal 
168581,Eagle Scout (Boy Scouts of America) 
168630,ABC (band) 
168636,1966 in comics 
168639,Marv Wolfman 
168640,J. M. DeMatteis 
168704,Keith Godchaux 
169057,Parsifal 
169154,Game Boy line 
169158,Led Zeppelin concerts 
169207,?3 Austria Top 40 
169250,Metalogy 
169654,Art Neville 
169657,Richard Tee 
169666,Tom Petty and the Heartbreakers 
169667,Peter Paul and Mary 
169668,Faces (band) 
169679,Lee Ritenour 
169686,James Moody (saxophonist) 
169967,High Priest of Israel 
170089,Amun 
170124,Adventure Game Studio 
170250,Kiss (Prince song) 
170427,Rick Savage 
170586,The Lonely Island 
170693,Third Temple 
171015,Starship Troopers 
171048,Rock Me Baby (song) 
171076,1986 in comics 
171100,Unreleased Prince projects 
171199,American Experience 
171211,Modern Age of Comic Books 
171212,Events from the Modern Age of Comic Books 
171217,Popular music of Manchester 
171526,Highway 61 Revisited 
171615,Rob Hubbard 
171640,Joe South 
171641,Jerry Reed 
171643,Jason Aldean 
171679,Young Thug 
171767,Art of Noise 
171769,Ultravox 
171951,Hasidic Judaism 
172015,Yellowcard 
172113,Jesse Ed Davis 
172116,David Spinozza 
172172,Scorpia (journalist) 
172187,Love Child (song) 
172188,Papa Was a Rollin' Stone 
172340,Objectivism (Ayn Rand) 
172447,FC Twin 
172533,Ultima (series) 
172725,The Divine Comedy (band) 
173061,Lee Dorsey 
173063,Leon Ware 
173068,David Porter (musician) 
173090,Homer Banks 
173420,Free-to-play 
173648,Stephen King bibliography 
173850,Proud Mary 
174056,Child Ballads 
174175,Protest songs in the United States 
174203,The Boy Is Mine (song) 
174434,Drum and bass 
174436,Live 8 concert London 
174437,Dubstep 
174490,Jessy Terrero 
174556,The Turtles 
174558,Steve Miller Band 
174578,Daughtry (band) 
174612,We Are the In Crowd 
174658,Spandau Ballet 
174667,Atomic Rooster 
174669,Janet Jackson's Rhythm Nation 1814 
174670,The Velvet Rope 
174823,Laurent Boutonnat 
175003,Madly in Anger with the World Tour 
175008,World Magnetic Tour 
175286,Dune (novel) 
175353,Secret Wars 
175354,1984 in comics 
175643,Armenia in the Eurovision Song Contest 2017 
175714,Braunschweig 
175717,Bielefeld 
175895,1991 in video gaming 
175933,Saves the Day 
175970,Civilization (series) 
176066,Taito Legends 2 
176164,Smells Like Teen Spirit 
176166,Don't Speak 
176174,The Final Countdown (song) 
176242,Video game clone 
176312,DDRMAX Dance Dance Revolution 6thMix 
176326,Lord's Prayer 
176327,Rosary 
176647,Time zone 
176667,UTC offset 
176771,Avengers Disassembled 
177039,Daily Planet 
177071,Psychedelic trance 
177072,Goa trance 
177112,House music 
177303,Earth-Two 
177332,Wurlitzer electric piano 
177627,MySQL 
177639,FLAC 
177651,MSN 
177681,Gmail 
177697,Java (software platform) 
177701,Linux 
177733,WebGL 
177813,Vulkan (API) 
177858,Travis Smith (artist) 
177891,Psychedelic folk 
177975,Bridge over Troubled Water (song) 
178137,X-Men: Legacy 
178176,Larry Williams 
178187,Joe Newman (trumpeter) 
178236,Alex Chilton 
178265,Jonathan Moffett 
178502,Larry Niven 
178795,Brittany 
179170,Hadouken! 
179191,Bedouin 
179442,Paul Carrack 
179465,Rock Revolution 
179468,Power Gig: Rise of the SixString 
179550,Psyence Fiction 
179692,The Lion King (musical) 
179840,Whitney: The Greatest Hits 
179845,I Will Always Love You: The Best of Whitney Houston 
180220,The New Power Generation 
180221,The Revolution (band) 
180243,Pride (In the Name of Love) 
180560,Paul McCartney's Liverpool Oratorio 
180627,Ben Kweller 
180713,3LW 
180771,Danity Kane 
180793,Chic (band) 
180836,Ohio Players 
180999,Gotland 
181291,Mishnah 
181398,Hoochie Coochie Man 
181614,Lightning Bolt (band) 
181619,Flipper (band) 
181842,I Want You Back 
181844,The Love You Save 
181982,1985 in comics 
182093,Philip K. Dick bibliography 
182266,Epistle to the Romans 
182336,Matthew Beard (American actor) 
182337,Billie Thomas 
182338,Eugene Gordon Lee 
182516,My Favorite Things (song) 
182525,Steve Winwood 
182613,Mike Shipley 
182789,Martin Scorsese Presents the Blues: A Musical Journey 
182804,T?lzer Knabenchor 
183142,Japanese horror 
183491,Carousel (musical) 
183492,Into the Woods 
183493,My Fair Lady 
183495,Jesus Christ Superstar 
183498,Fiddler on the Roof 
183499,Oliver! 
183500,Grease (musical) 
183502,The Rocky Horror Show 
183503,Evita (musical) 
183505,Miss Saigon 
183506,Mamma Mia! 
183507,Chess (musical) 
183512,Cabaret (musical) 
183514,Hairspray (musical) 
183539,Beauty and the Beast (musical) 
183554,We Will Rock You (musical) 
183848,The Sound of Silence 
183855,Toxic (song) 
183857,Heart of Glass (song) 
183861,La Isla Bonita 
183904,Apologize (OneRepublic song) 
184005,Tintoretto 
184030,Terry Brooks bibliography 
184064,Pride and Prejudice 
184070,Doctrine and Covenants 
184097,Records and achievements of Madonna 
184169,Jutland 
184571,Love 
184617,Bisexuality 
184649,Chuck Jones 
184664,Terry Dodson 
184668,Michael Golden (comics) 
184705,Jan Duursema 
184718,Jonathan Hickman 
185068,Rock and Roll All Nite 
185070,I Love It Loud 
185071,Deuce (song) 
185074,Strutter 
185078,Shout It Out Loud (Kiss song) 
185534,Sami people 
185535,Finns 
185631,Daws Butler 
185645,Robert Bentley (animator) 
185921,I Want You (She's So Heavy) 
186081,Savage Land 
186085,X-Mansion 
186091,Registration acts (comics) 
186093,Galaxian 
186094,Galaga 
186115,Nosferatu 
186186,Front 242 
186241,Wicked (musical) 
186368,Age of Apocalypse 
186376,1995 in comics 
186857,Blurred Lines 
186935,Mobile Suit Gundam: Char's Counterattack 
186936,Mobile Suit Zeta Gundam 
187062,Sister Sledge 
187063,The Pointer Sisters 
187066,The Emotions 
187205,Ridge Racer (video game) 
187669,Tom Grummett 
187787,I Saw Her Standing There 
187845,Pre-Code Hollywood 
187846,Hollywood blacklist 
187928,Georges Bizet 
188767,The Jesus and Mary Chain 
188768,Screaming Trees 
188769,Mudhoney 
188770,The Postal Service 
188777,Low (band) 
188814,Fleet Foxes 
188843,Yuri (genre) 
188987,Mobile Suit Gundam 0 
189083,Star Wars comics 
189148,Carnivores Tour 
189193,Fredric Brown 
189197,Gardner Dozois 
189522,Bernard Alane 
189531,Never Can Say Goodbye 
189537,My Guy 
189705,Trina Robbins 
189868,Catherine Jacob (actress) 
190120,Neil Gaiman bibliography 
190208,Lesbian literature 
190539,Back in the U.S. 
190542,The McCartney Years 
190849,Outsiders (comics) 
190850,Runaways (comics) 
190854,Superman/Batman 
190859,The Walking Dead (comic book) 
190861,The Spectacular Spider-Man 
190971,Sydney Symphony Orchestra 
191001,Dilated Peoples 
191002,The Pharcyde 
191069,Hollywood Undead 
191099,Odd Future 
191183,Can't Get You Out of My Head 
191357,VH1 Divas 
191403,The Star-Spangled Banner 
191436,National anthem 
191585,Roxy Music 
191586,The Buggles 
191587,Stereolab 
191588,Sigur R?s 
191589,Japan (band) 
191590,Pavement (band) 
191592,Scritti Politti 
191593,Sparks (band) 
191661,Faust (opera) 
191662,Rom?o et Juliette 
191669,Les p?cheurs de perles 
191739,C+C Music Factory 
191815,Motown Remixed 
191832,Get Back 
191833,Penny Lane 
191834,I Am the Walrus 
191835,Strawberry Fields Forever 
191836,Lucy in the Sky with Diamonds 
191837,Yesterday (Beatles song) 
191839,A Day in the Life 
191840,With a Little Help from My Friends 
191841,Revolution (Beatles song) 
191842,Hey Jude 
191843,Norwegian Wood (This Bird Has Flown) 
191845,Here There and Everywhere 
191847,The Long and Winding Road 
191848,Shake Rattle and Roll 
191849,Back in the U.S.S.R. 
191851,Helter Skelter (song) 
191852,I Want to Hold Your Hand 
191853,Michelle (song) 
191854,She Loves You 
191855,Twist and Shout 
191856,Taxman 
191858,Something (Beatles song) 
191859,Blue Suede Shoes 
191861,From Me to You 
191862,All You Need Is Love 
191863,Hello Goodbye 
191864,Love Me Do 
191865,Can't Buy Me Love 
191866,Ticket to Ride 
191867,We Can Work It Out 
191868,Paperback Writer 
191873,Here Comes the Sun 
191874,Nowhere Man (song) 
191881,Money (That's What I Want) 
191885,Rock and Roll Music 
191886,Within You Without You 
191892,Blackbird (Beatles song) 
191894,Across the Universe 
191898,Ob-La-Di Ob-La-Da 
191899,Drive My Car 
191900,Day Tripper 
191901,Tomorrow Never Knows 
191906,Please Please Me (song) 
191909,I Feel Fine 
191918,Lady Madonna 
191923,Dear Prudence 
191938,The Fool on the Hill 
191942,Sgt. Pepper's Lonely Hearts Club Band (song) 
191955,In My Life 
191958,Help! (song) 
191981,And I Love Her 
191988,All My Loving 
191992,Please Mr. Postman 
191994,You've Really Got a Hold on Me 
191995,I Wanna Be Your Man 
192015,Long Tall Sally 
192026,All Things Must Pass (song) 
192032,I Got a Woman 
192069,Eight Days a Week 
192100,Got to Get You into My Life 
192180,Wayne Coyne 
192332,David Finch (comics) 
192360,Chicago (musical) 
192389,Robert McKimson 
192462,Robert Delaunay 
192621,Fear Factory 
192624,Revolting Cocks 
192629,Pigface 
192763,Alfred de Musset 
193181,Leon Sylvers III 
193531,Art theft 
193580,Zadok 
193676,Level (video gaming) 
193775,Performance art 
193780,Street art 
193786,Bat-Signal 
193896,Conan (books) 
194303,Salome (opera) 
194325,PlayStation Mouse 
194328,PlayStation Multitap 
194612,The King of Fighters 
194628,Cthulhu Mythos anthology 
195016,James Gadson 
195085,Johnny Logan (singer) 
195633,Frozen (Madonna song) 
195864,Straight Outta Compton 
196014,Nick Egan 
196301,Avatar Studios 
196376,Duane Allman 
196378,David Paich 
196379,Steve Lukather 
196384,Greg Leisz 
196386,Michael Omartian 
196388,Dann Huff 
196389,Chuck Leavell 
196404,Albhy Galuten 
196405,Muscle Shoals Rhythm Section 
196406,Sherlie Matthews 
196412,Randy Jackson 
196419,Jerry Hey 
196460,Ollie E. Brown 
196475,Dick Hyde (musician) 
196495,Don Heffington 
196496,Steve Nathan 
196500,Greg Morrow 
196513,Michael Rhodes (musician) 
196738,Online game 
197179,Gunter Demnig 
197267,Anubis 
197271,Thoth 
197324,Ra 
197356,Music of Liverpool 
197392,Like a Rolling Stone 
197393,You Can't Always Get What You Want 
197394,Ruby Tuesday (song) 
197454,Little Red Rooster 
197558,Crookers 
197701,Berlin (band) 
197704,Fear (band) 
197705,The Association 
197814,Circle Jerks 
197845,Shakespeare's sonnets 
198134,Erroll Garner 
198137,Stanley Turrentine 
198213,Blood Sugar Sex Magik 
198244,Confessions on a Dance Floor 
198526,Blaxploitation 
198966,Lithuanians 
198969,Book of Isaiah 
198970,Isaiah 
199094,Robot series (Asimov) 
199157,Mel Collins 
199244,Bill Stevenson (musician) 
199363,Isaac Asimov bibliography (alphabetical) 
199365,Isaac Asimov bibliography (chronological) 
199368,Gene Ammons 
199369,Eddie Lockjaw Davis 
199437,Epistle to the Galatians 
199504,Buck Ram 
199506,Barry Goldberg 
199509,Ron Miller (songwriter) 
199562,Dracula 
199563,Romance of the Three Kingdoms 
199565,Dune (franchise) 
199567,Frankenstein 
199570,The War of the Worlds 
199661,(Sittin' On) The Dock of the Bay 
200332,Daniel (biblical figure) 
200420,Exploitation film 
200426,The Hound of the Baskervilles 
200549,Orson Scott Card bibliography 
200587,Game Room 
200740,D. C. Douglas 
201017,Can You Feel the Love Tonight 
201117,Grindcore 
201120,Crust punk 
201187,The Fifth Column and the First Forty-Nine Stories 
201544,Music (Madonna song) 
201556,Live to Tell 
201557,Open Your Heart (Madonna song) 
201648,Bringing It All Back Home 
201712,I'm Waiting for the Man 
201873,PopMart Tour 
201874,Vertigo Tour 
201880,U2 360? Tour 
201928,Kashmir (song) 
201990,B. Reeves Eason 
202070,Dashboard Confessional 
202143,David Michelinie 
202144,Len Wein 
202145,Doug Moench 
202146,James Robinson (writer) 
202147,Louise Simonson 
202149,Dan Slott 
202187,Marathi cinema 
202301,Infinity Gems 
202374,Right-wing politics 
202387,Tod Browning 
202411,William Farnum 
202464,Jim Corey 
202488,George Fawcett 
202626,Countdown to Final Crisis 
202711,Shakin' Stevens 
202805,Harvey Mason Jr. 
202917,Carpool Karaoke 
203370,Gilby Clarke 
203476,Conor Oberst 
203477,Matthew Sweet 
203695,Bernie Grundman 
203930,1989 in comics 
203940,Multiverse (Marvel Comics) 
204016,Ronald Reagan in music 
204106,BlackBerry 10 
204345,Paul Revere & the Raiders 
204422,Passion of Jesus 
204423,Life of Jesus in the New Testament 
204426,Ministry of Jesus 
204944,Starships (song) 
204998,Mezzo-soprano 
204999,Bogna Bartosz 
205005,Stephen Street 
205396,Roy Halee 
205640,St Matthew Passion 
205641,Christmas Oratorio 
205642,St John Passion 
205775,Rodgers and Hart 
205776,Rodgers and Hammerstein 
205777,Jerry Leiber and Mike Stoller 
205782,Dre & Vidal 
205785,Toxic Twins 
205793,The Clutch 
205834,Pop & Oak 
205859,Southern Gothic 
205978,Auguste Rodin 
206055,Akiko Hiramatsu 
206505,The Human League 
206656,Vitaphone Varieties 
207124,Vitaphone 
207148,Mountain (band) 
207218,Free Comic Book Day 
207315,Gospel of John 
207317,Nicodemus 
207322,Lazarus of Bethany 
207535,Gil Evans 
207935,Bob Mintzer 
208295,Murdoch Mysteries 
208445,Coordinated Universal Time 
208465,Back Against the Wall 
208529,Dave Mallow 
208665,1997 in comics 
208749,2009 in comics 
208751,Dark Reign (comics) 
208774,LGBT rights in the Americas 
208790,Will Sergeant 
209171,2005 in video gaming 
209201,New York Edition 
209442,Riot grrrl 
209552,Adultery in literature 
209639,Yakuza 
209644,TurboGrafx-16 
209886,MusicBrainz 
209899,1998 in video gaming 
209939,Star Time 
209961,Bill Haley & His Comets 
210150,Flamin' Groovies 
210152,Redd Kross 
210168,The Raconteurs 
210170,Plain White T's 
210177,Hellogoodbye 
210431,Sadomasochism 
210489,Someday We'll Be Together 
210493,You Keep Me Hangin' On 
210494,Ain't No Sunshine 
210496,End of the Road 
210581,Where Did Our Love Go 
210726,Jill Thompson 
210739,Alan Weiss (comics) 
210904,Binaural Tour 
210905,Riot Act Tour 
210906,Yield Tour 
210907,Pearl Jam 2006 World Tour 
210908,Pearl Jam 2007 European Tour 
210909,Pearl Jam 2005 North American and Latin American Tour 
210910,No Code Tour 
210911,Vitalogy Tour 
210912,Vs. Tour 
210914,Ten Tour 
211082,Coloratura soprano 
211345,Motets (Bruckner) 
211479,The Who Tour 1989 
211539,Intersex 
211630,Genesis (band) 
211631,Emerson Lake & Palmer 
211632,Jethro Tull (band) 
211633,Wishbone Ash 
211634,The Nice 
211638,Cardiacs 
211644,Gentle Giant 
211843,Jerry Leiber 
212147,The New World Tour 
212148,The Paul McCartney World Tour 
212149,Back in the World (tour) 
212150,2004 Summer Tour 
212155,Up and Coming Tour 
212156,On the Run (Paul McCartney) 
212157,Driving World Tour 
212158,Out There (tour) 
212160,One on One (tour) 
212184,Lolland 
212337,LGBT themes in speculative fiction 
212833,Megami Tensei 
213020,Roy Haynes 
213021,Jimmy McHugh 
213023,Michael Bivins 
213026,Sonny Stitt 
213027,Arthur Baker (musician) 
213028,Peter Rowan 
213039,Paul Q. Kolderie 
213066,John Fields (record producer) 
213083,Hellenistic Judaism 
213184,Virtual Boy 
213191,Antiquities of the Jews 
213267,John D. Loudermilk 
213464,Happy (Pharrell Williams song) 
213544,Antonina Armato 
213633,3 Doors Down 
213634,Steppenwolf (band) 
213635,Clutch (band) 
213663,Hinder 
213819,P. R. Brown 
214253,Tea Party movement 
214266,Batman & Robin (film) 
214354,Carter Family 
214355,The Neptunes 
214358,Clipse 
214694,Antichrist Superstar 
214695,Mechanical Animals 
214757,Michael (archangel) 
214949,MeeGo 
215293,The Chieftains 
215335,The Script 
215390,Willie Dixon 
215391,Big Joe Turner 
215392,Memphis Slim 
215393,Otis Spann 
215397,Sonny Terry 
215400,Robert Cray 
215401,Junior Parker 
215407,Mavis Staples 
215408,Percy Mayfield 
215486,Marvel Team-Up 
215490,Infinite Crisis 
215581,Green Lantern (comic book) 
215674,Volare (song) 
215762,Chris Hillman 
216085,Clinton Heylin 
216106,Primus (band) 
216152,Grand Theft Auto: Vice City 
216153,Grand Theft Auto III 
216156,Grand Theft Auto: San Andreas 
216299,You've Got a Friend 
216442,WonderSwan 
216545,Coldcut 
216546,Gilbert and Sullivan 
216548,Erasure 
216551,Yazoo (band) 
216555,The Future Sound of London 
216557,Goldfrapp 
216558,Groove Armada 
216607,Freemasons (band) 
216615,Simian Mobile Disco 
216647,Digital Dog 
217083,Tommy Stinson 
217085,Morris Day 
217463,What If (comics) 
217466,Batman: Legends of the Dark Knight 
217657,Jaishankar 
217921,Jon Spencer Blues Explosion 
218096,Fez (video game) 
218115,Instant Karma: The Amnesty International Campaign to Save Darfur 
218120,Don't You Want Me 
218257,Avatar Press 
218365,The Pussycat Dolls 
218396,Philip Jos? Farmer bibliography 
218437,Josh Freese 
218438,Sean Beavan 
218443,Justin Meldal-Johnsen 
218454,Iko Iko 
218455,Time After Time (Cyndi Lauper song) 
218497,Billy Gibbons 
218498,Elvin Bishop 
218499,Derek Trucks 
218500,Warren Haynes 
218640,Dance Dance Revolution 
218642,Dancing Stage 
218643,Bemani 
218663,Half-Life (video game) 
218684,Baldur's Gate 
218710,Samson and Delilah (song) 
218735,Charles Band 
218761,Land of Oz 
218839,Dino Merlin 
218924,Microsoft Excel 
218925,Microsoft Word 
218926,Microsoft Office 
218928,Microsoft PowerPoint 
218929,Microsoft Outlook 
219031,Never Ending Tour 
219075,Castlevania: Symphony of the Night 
219173,Gentoo Linux 
219359,The Early Days of Van Halen 
219360,Achtung Baby 
219552,Artist's Edition 
219622,Crazy in Love 
219944,The Complete Stories of Franz Kafka 
220162,Surfin' U.S.A. 
220173,The Sweet Escape 
220361,Dangerously in Love 
220362,The Emancipation of Mimi 
220364,Cinema of Hong Kong 
220714,Arab citizens of Israel 
220756,Italian Renaissance painting 
220842,Jack Clement 
220858,Paul Worley 
220866,Adonis Shropshire 
221144,Space rock 
221225,Unsimulated sex 
221299,The Music of Francis Poulenc 
221575,1978 in comics 
221674,Cajun music 
221942,Roky Erickson 
221945,Joseph Arthur 
222227,Hudson River School 
222238,Judas Iscariot 
222344,Jack the Ripper in fiction 
222491,Kronos Quartet 
222494,Vitamin String Quartet 
223017,KC and the Sunshine Band 
223018,Material (band) 
223021,The J.B.'s 
223034,Grandmaster Flash and the Furious Five 
223293,Master of Puppets 
223294,Ride the Lightning 
223683,Scala & Kolacny Brothers 
223868,Shojo manga 
223983,Transformers (toy line) 
224410,Molly Hatchet 
224471,2011 in video gaming 
224472,Electronic Entertainment Expo 2011 
224478,My Generation 
224511,Magnificat (Bach) 
224635,Black Diamond (Kiss song) 
224877,Mark Hudson (musician) 
224878,M. Ward 
225134,Kingdom Come (comics) 
225202,Monster Magnet 
225254,Photoplay 
225260,Slant Magazine 
225267,The Film Daily 
225280,The Moving Picture World 
225589,Gothic Revival architecture 
226009,Book of Ezekiel 
226048,Kill Bill 
226114,Kool Keith 
226160,Pharoahe Monch 
226210,Bow Wow Wow 
226211,Busted (band) 
226212,McFly 
226506,Mary Magdalene 
226510,Disciple (Christianity) 
226582,TV Boy 
226600,Lifehouse (band) 
226686,RenderWare 
226741,Charmbracelet 
226744,Me. I Am Mariah... The Elusive Chanteuse 
226857,Autumn Leaves (1945 song) 
227052,Dave Sardy 
227101,Babylonian captivity 
227103,Second Temple Judaism 
227257,Spanish and Portuguese Jews 
227385,Baroque painting 
227541,I've Got You Under My Skin 
227671,Old Master 
227720,Danmarks gamle Folkeviser 
227810,Brian Higgins (producer) 
227812,Tim Powell (producer) 
227871,Scarborough Fair (ballad) 
227969,Arcade game 
227970,Amusement arcade 
227971,Dance Dance Revolution (1998 video game) 
228226,Book of Esther 
228227,Deuterocanonical books 
228629,Chicago soul 
228631,Chicago hip hop 
228696,Rabbinic literature 
228751,Gotham City Police Department 
228772,Publication history of Marvel Comics crossover events 
228774,Secret Invasion 
228809,War of 1812 
228840,Nintendo DS 
228842,Nintendo DSi 
229203,Desura 
229317,Mass racial violence in the United States 
229352,Tom Petty 
229448,Ezekiel 
229469,PopArt: Pet Shop Boys ? The Hits 
229714,Genre art 
229719,Genre painting 
229720,Marine art 
229721,Schilder-boeck 
229811,Saint Anne 
229817,Gradius 
229900,Warryn Campbell 
230598,2000 AD (comics) 
230601,2000 AD crossovers 
230700,Soca music 
230714,English Baroque Soloists 
231143,Spoonful 
231293,Ouya 
231922,Eduardo Barreto 
231948,The Graphic Canon 
232010,The Kooks 
232205,Annie Get Your Gun (musical) 
232311,Vietnam War in film 
232956,Our Lady of F?tima 
233052,Pink Friday 
233053,Pink Friday: Roman Reloaded 
233056,The Pinkprint 
233595,Stairway to Heaven 
233596,When the Levee Breaks 
233598,Black Dog (song) 
233600,Whole Lotta Love 
233601,Rock and Roll (Led Zeppelin song) 
233603,Moby Dick (instrumental) 
233609,Since I've Been Loving You 
233616,Immigrant Song 
233620,Communication Breakdown 
233695,Classical Hollywood cinema 
233696,London Calling 
234092,John S. Robertson 
234280,Holocaust denial 
234403,Christian Death 
234528,Eight Miles High 
235047,Fran?ois Couperin 
235219,Thomas Dolby 
235220,Disturbed (band) 
235221,Air Supply 
235225,The D.O.C. 
235226,Color Me Badd 
235235,Big Country 
235245,Nintendo GameCube ? Game Boy Advance link cable 
235369,A Loss for Words 
235467,Mega-City One 
235471,Political fiction 
235635,Comfortably Numb 
235970,G?rard Jugnot 
236086,Nicolas Mari? 
236117,Centipede (video game) 
236124,Dig Dug 
236127,Robotron: 2084 
236388,Unreal Engine 
236450,Sidney Olcott 
236613,Brian Holland 
236628,Ivy Jo Hunter 
236641,Roger Christian (songwriter) 
236648,Steve Barri 
236940,2007 in video gaming 
237209,Othello 
237210,The Merchant of Venice 
237258,Mary Poppins 
237448,Osiris 
237449,Isis 
237450,Horus 
237562,BDSM 
237578,Index of BDSM articles 
237584,Abraham 
237585,Isaac 
237589,Sarah 
237590,Ishmael 
237602,Lech-Lecha 
237603,Vayeira 
237754,Yes (band) 
237776,Prithviraj Sukumaran 
237850,Darren Middleton 
237851,John Collins (Australian musician) 
237852,Ian Haug 
237872,Resident Evil 2 
237925,Pac-Man 
237927,Ms. Pac-Man 
237942,The Tower of Druaga 
238075,Cold Chisel 
238131,The Hits/The B-Sides 
238258,Zoo TV Tour 
238813,See See Rider 
239144,Same-sex marriage in the United States 
239148,History of same-sex marriage in the United States 
239317,New Found Glory 
239319,The All-American Rejects 
239320,The Get Up Kids 
239321,Smash Mouth 
239325,Bowling for Soup 
239336,Motion City Soundtrack 
239340,Panic! at the Disco 
239353,Boys Like Girls 
239479,The Factory 
239480,Interview (magazine) 
239784,Michael Monroe 
239929,2002 in comics 
239985,Mii 
240040,Book of Judith 
240694,Parliament (band) 
240695,Funkadelic 
240696,Gang of Four (band) 
240697,Sly and the Family Stone 
240698,311 (band) 
240699,Fishbone 
240700,N.E.R.D 
240708,The Time (band) 
240736,Fugees 
240765,Sublime (band) 
240769,Slightly Stoopid 
240878,Adult contemporary music 
240879,British soul 
240881,The Craig Charles Funk and Soul Show 
240983,P-Funk 
241012,Warren G 
241097,2008 in video gaming 
241382,TouchWiz 
241395,Steve Dillon 
241396,Scott Lobdell 
241398,Fabian Nicieza 
241400,Jimmy Palmiotti 
241405,Tom Brevoort 
241582,Afrobeat 
241583,Acid jazz 
241591,Omi Minami 
241701,Eiji Takemoto 
241721,Kenichi Ono 
241834,Nobunaga Shimazaki 
241911,LightWave 3D 
241945,Final Fantasy concerts 
241952,History of Finland 
242098,Yukari Tamura 
242146,Zendaya 
242629,You'll Never Walk Alone 
242644,Occultism in Nazism 
242753,Stadium Arcadium World Tour 
242754,By the Way World Tour 
242758,I'm with You World Tour 
242760,The Uplift Mofo Party Tour 
242768,Red Hot Chili Peppers 2013?2014 Tour 
242769,The Getaway World Tour 
243136,Dan DiDio 
243145,DC Rebirth 
243296,1999 in comics 
243423,Tubular Bells 
243427,Five (band) 
243511,Rebel Heart 
243513,Cinema of the United States 
243941,Saturday Night Fever (soundtrack) 
243949,The Shangri-Las 
244015,Livin' on a Prayer 
244172,Steve Kipner 
244483,Adam and the Ants 
244645,Gibson SG 
244646,Gibson Les Paul 
244647,Fender Stratocaster 
244654,Vox Continental 
244658,Fender Telecaster 
244824,Alan Grant (writer) 
244825,Gordon Rennie 
244874,Billy Roberts 
244886,I Can't Explain 
245233,Z-machine 
245251,Let It Be 
245276,Yukari Nonoshita 
245586,Firework (song) 
245778,Repertory of the Vienna Court Opera under Gustav Mahler 
246020,Mother's Milk 
246022,Freaky Styley 
246295,Elijah 
246296,Baal 
246320,PlayStation 
246330,Tartuffe 
246672,Jerome Richardson 
246709,The Hunting Party Tour 
246894,1996 in video gaming 
246987,The Holocaust in popular culture 
247018,Jon Foreman 
247049,Simon Bisley 
247050,Ian Edginton 
247142,Miss Teen USA 
247152,Owner of a Lonely Heart 
247493,Addicted to Love (song) 
247792,Tangerine Dream 
247898,Why Pink Floyd...? 
247997,Our Gang 
248089,Injustice: Gods Among Us 
248140,The Waterboys 
248222,Lithuania in the Eurovision Song Contest 2014 
248551,Second Life 
248562,Panini Comics 
248573,All-New All-Different Marvel 
248574,Marvel Legacy 
248719,Bastet 
248724,Hathor 
248776,Publication history of Wonder Woman 
248966,Grand Funk Railroad 
249006,All Star Comics 
249009,Batman (comic book) 
249024,Patrice Leconte 
249028,Michel Blanc 
249675,Public Image Ltd 
249685,SimCity 
249985,The Byrds 
249986,The Flying Burrito Brothers 
249992,Crazy Horse (band) 
250107,Buffy the Vampire Slayer comics 
250268,Tom Clancy bibliography 
250342,Wild Horses (The Rolling Stones song) 
250426,The Beau Brummels 
250431,Vivian Beaumont Theater 
250569,British comics 
250580,British small press comics 
250647,Ultimate Spider-Man 
250795,The Sound of Music 
250821,Public opinion of same-sex marriage in the United States 
250822,Same-sex marriage legislation in the United States 
250835,Obergefell v. Hodges 
250847,The Country Gentlemen 
250926,Sonic Highways World Tour 
250961,Lawrence v. Texas 
250973,Kansas (band) 
251013,Breakout (video game) 
251452,Joe Hahn 
251575,Otis Blackwell 
251595,Marcy Playground 
251596,Babes in Toyland (band) 
251597,Soul Asylum 
251827,Christ myth theory 
251890,Soul music 
251891,Doo-wop 
251892,Neo soul 
251893,New jack swing 
251894,Beat music 
251895,Urban contemporary 
251897,Smooth jazz 
251898,Hip hop soul 
251899,Contemporary R&B 
251900,Slow jam 
251906,British rhythm and blues 
251907,Alternative R&B 
251910,Sentimental ballad 
251925,Titus Andronicus 
252044,Big Bang (South Korean band) 
252185,Kurt Cobain 
252186,Jerry Cantrell 
252187,Buzz Osborne 
252193,Robert Blackwell 
252751,Stone Gossard 
252754,Mark Arm 
252756,Jack Endino 
252769,Sacred Heart 
252937,Finnish cuisine 
253017,Jules Verne bibliography 
253036,Wilco 
253198,Beatallica 
253249,Book of Jeremiah 
253251,Jeremiah 
253454,The Sims 3 
253475,Michael Jackson: The Experience 
253508,StreetPass Mii Plaza 
253649,Sunny (song) 
253693,History of Star Trek games 
253696,Tom Clancy's 
253996,City-building game 
254039,Neutral Milk Hotel 
254171,Asian Americans in arts and entertainment 
255194,MAME 
255301,On the Road 
255302,Call of Duty 
255308,Smoke on the Water 
255309,Highway Star (song) 
255379,Blue (English band) 
255418,Christophe Rousset 
255439,Under Pressure 
255476,TwinBee (series) 
255512,DuBose Heyward 
255637,The Living End 
255724,Blue Mitchell 
255727,Betty Wright 
255903,Miss New York USA 
255999,Historical period drama films set in Asia 
256113,Glen Ballard 
256119,Craig Wiseman 
256169,Merengue music 
256170,Bachata (music) 
256229,John Hiatt 
256230,Fred Rose (songwriter) 
256239,Daryl Simmons 
256323,Sega Ages 
256441,Sonic's Ultimate Genesis Collection 
256529,Billie Jean 
256530,We Are the World 
256531,Smooth Criminal 
256533,Thriller (song) 
256537,You Are Not Alone 
256538,Earth Song 
256541,Black or White 
256542,Rock with You 
256545,The Girl Is Mine 
256547,I Just Can't Stop Loving You 
256548,The Way You Make Me Feel 
256549,Man in the Mirror 
256582,Beat It 
256837,Talk on Corners 
256942,Story of Seasons (series) 
257266,Nirvana bootleg recordings 
257388,Gone with the Wind (novel) 
257488,The Sims (video game) 
257491,The Sims 2 
257492,Dating sim 
257516,Social simulation game 
257525,Persona (series) 
257662,Walt Disney Records: The Legacy Collection 
257681,Spaghetti Western 
257683,Peplum (film genre) 
257684,Giallo 
258100,N-Gage (service) 
258192,Noisia 
258261,When the Saints Go Marching In 
258269,Dixieland 
258517,Another Brick in the Wall 
258526,Interstellar Overdrive 
259044,I Got You Babe 
259070,The Shoop Shoop Song (It's in His Kiss) 
259225,3rd Super Robot Wars Alpha: To the End of the Galaxy 
259234,Guitar Hero (video game) 
259238,Capcom Classics Collection 
259411,Taito Memories 
259456,Super Mario World 
259505,Ultimate Marvel 
259546,The Incredible Hulk (comic book) 
259575,I Heard It Through the Grapevine 
259803,New Canadian Library 
260036,Marvel Comics Presents 
260067,Direct Currents 
260322,Scott Litt 
260332,Augustinians 
260340,Girl group 
260661,Guitar Hero Live 
